Datum;Eröffnung;Hoch;Tief;Schluss;Währung;Volumen
29.09.2016;111,790;111,790;111,790;111,790;EUR;0
30.09.2016;112,010;112,890;112,010;112,890;EUR;50
04.10.2016;112,640;112,640;112,640;112,640;EUR;9
05.10.2016;107,690;107,690;107,690;107,690;EUR;0
06.10.2016;107,200;107,200;107,200;107,200;EUR;0
07.10.2016;107,240;108,150;107,240;108,150;EUR;30
10.10.2016;107,640;107,640;107,640;107,640;EUR;0
11.10.2016;107,440;107,440;107,440;107,440;EUR;0
12.10.2016;108,200;108,200;108,050;108,050;EUR;190
13.10.2016;108,570;108,570;108,570;108,570;EUR;0
14.10.2016;108,310;108,310;108,310;108,310;EUR;0
17.10.2016;108,240;108,240;108,240;108,240;EUR;0
18.10.2016;108,340;108,340;108,340;108,340;EUR;0
19.10.2016;109,060;109,060;109,060;109,060;EUR;0
20.10.2016;110,180;110,180;110,180;110,180;EUR;0
21.10.2016;110,190;110,190;110,190;110,190;EUR;0
24.10.2016;110,510;110,550;110,510;110,550;EUR;20
25.10.2016;110,360;110,360;110,360;110,360;EUR;0
26.10.2016;111,060;111,060;111,060;111,060;EUR;0
27.10.2016;110,240;110,350;110,240;110,350;EUR;52
28.10.2016;110,380;110,380;110,380;110,380;EUR;0
31.10.2016;111,990;111,990;110,810;110,810;EUR;10
01.11.2016;110,600;110,850;110,600;110,850;EUR;40
02.11.2016;110,930;110,930;110,930;110,930;EUR;0
03.11.2016;111,050;111,050;111,050;111,050;EUR;0
04.11.2016;111,310;111,310;111,310;111,310;EUR;0
07.11.2016;111,380;111,380;110,960;110,960;EUR;18
08.11.2016;110,440;110,440;110,440;110,440;EUR;0
09.11.2016;109,290;110,900;109,290;110,900;EUR;200
10.11.2016;111,530;111,530;111,530;111,530;EUR;0
11.11.2016;110,000;110,000;110,000;110,000;EUR;0
14.11.2016;107,780;108,100;107,780;108,100;EUR;14
15.11.2016;108,830;108,830;108,830;108,830;EUR;0
16.11.2016;108,280;108,280;108,280;108,280;EUR;0
17.11.2016;108,870;108,870;108,870;108,870;EUR;0
18.11.2016;108,260;108,260;108,260;108,260;EUR;0
21.11.2016;108,380;108,380;108,380;108,380;EUR;0
22.11.2016;109,250;109,250;109,250;109,250;EUR;0
23.11.2016;108,160;108,160;108,160;108,160;EUR;0
24.11.2016;106,700;106,700;106,700;106,700;EUR;0
25.11.2016;105,830;106,770;105,830;106,770;EUR;100
28.11.2016;105,700;105,700;105,700;105,700;EUR;0
29.11.2016;106,670;106,670;106,670;106,670;EUR;0
30.11.2016;106,370;106,370;106,370;106,370;EUR;0
01.12.2016;106,350;106,350;104,750;104,750;EUR;20
02.12.2016;104,500;105,580;104,500;105,580;EUR;48
05.12.2016;106,510;106,510;106,510;106,510;EUR;0
06.12.2016;103,520;103,520;103,520;103,520;EUR;0
07.12.2016;103,430;103,430;103,430;103,430;EUR;0
08.12.2016;103,400;103,580;103,400;103,580;EUR;5
09.12.2016;104,260;104,260;104,260;104,260;EUR;0
12.12.2016;103,990;103,990;103,990;103,990;EUR;0
13.12.2016;103,550;103,550;103,550;103,550;EUR;0
14.12.2016;103,760;103,760;103,760;103,760;EUR;0
15.12.2016;102,940;102,940;102,940;102,940;EUR;0
16.12.2016;102,880;102,880;102,880;102,880;EUR;0
19.12.2016;102,970;102,970;102,970;102,970;EUR;0
20.12.2016;103,580;103,580;103,580;103,580;EUR;0
21.12.2016;103,260;103,260;103,260;103,260;EUR;0
22.12.2016;102,590;102,590;102,590;102,590;EUR;0
23.12.2016;102,650;102,650;102,650;102,650;EUR;0
27.12.2016;103,200;103,200;103,200;103,200;EUR;0
28.12.2016;103,200;103,200;103,200;103,200;EUR;0
29.12.2016;103,640;103,640;103,640;103,640;EUR;0
30.12.2016;104,010;104,150;104,010;104,150;EUR;0
02.01.2017;103,930;103,930;103,930;103,930;EUR;0
03.01.2017;104,050;104,050;104,050;104,050;EUR;0
04.01.2017;105,730;105,730;105,730;105,730;EUR;0
05.01.2017;105,670;105,670;105,670;105,670;EUR;0
06.01.2017;105,370;106,250;105,370;106,250;EUR;5
09.01.2017;106,400;106,400;106,400;106,400;EUR;0
10.01.2017;105,860;105,860;105,860;105,860;EUR;0
11.01.2017;106,850;106,850;106,850;106,850;EUR;0
12.01.2017;106,740;108,000;106,740;108,000;EUR;1100
13.01.2017;106,680;106,680;106,680;106,680;EUR;0
16.01.2017;107,020;107,020;107,020;107,020;EUR;0
17.01.2017;106,720;106,720;106,720;106,720;EUR;0
18.01.2017;107,870;107,870;107,870;107,870;EUR;0
19.01.2017;106,870;107,400;106,870;107,400;EUR;46
20.01.2017;106,840;106,840;106,840;106,840;EUR;0
23.01.2017;107,040;107,040;107,040;107,040;EUR;27
24.01.2017;107,470;107,470;107,470;107,470;EUR;0
25.01.2017;106,420;106,420;106,420;106,420;EUR;0
26.01.2017;105,810;105,810;105,710;105,710;EUR;35
27.01.2017;105,100;105,100;105,100;105,100;EUR;0
30.01.2017;105,190;106,510;105,190;106,510;EUR;60
31.01.2017;106,390;106,390;106,390;106,390;EUR;0
01.02.2017;106,190;106,190;106,190;106,190;EUR;0
02.02.2017;106,700;106,700;106,700;106,700;EUR;0
03.02.2017;106,740;106,740;106,740;106,740;EUR;0
06.02.2017;107,850;107,850;107,850;107,850;EUR;0
07.02.2017;109,850;109,850;109,850;109,850;EUR;0
08.02.2017;109,380;109,380;109,380;109,380;EUR;0
09.02.2017;110,140;110,140;110,140;110,140;EUR;0
10.02.2017;108,310;108,310;108,310;108,310;EUR;0
13.02.2017;109,840;109,840;109,840;109,840;EUR;0
14.02.2017;109,480;109,480;109,480;109,480;EUR;0
15.02.2017;109,780;109,780;109,780;109,780;EUR;0
16.02.2017;110,140;110,140;110,140;110,140;EUR;0
17.02.2017;109,990;109,990;109,990;109,990;EUR;0
20.02.2017;110,330;110,330;110,330;110,330;EUR;0
21.02.2017;110,730;110,730;110,730;110,730;EUR;0
22.02.2017;111,270;111,270;111,270;111,270;EUR;0
23.02.2017;111,000;111,000;111,000;111,000;EUR;0
24.02.2017;112,120;112,120;112,120;112,120;EUR;0
27.02.2017;112,820;112,820;112,820;112,820;EUR;0
28.02.2017;112,120;112,120;112,120;112,120;EUR;0
01.03.2017;111,430;111,430;111,430;111,430;EUR;0
02.03.2017;111,990;111,990;111,990;111,990;EUR;0
03.03.2017;110,670;110,670;110,670;110,670;EUR;0
06.03.2017;110,000;110,000;110,000;110,000;EUR;0
07.03.2017;109,610;109,610;109,610;109,610;EUR;0
08.03.2017;109,070;109,070;109,070;109,070;EUR;0
09.03.2017;108,520;108,520;108,520;108,520;EUR;0
10.03.2017;106,840;106,840;106,840;106,840;EUR;0
13.03.2017;106,990;106,990;106,990;106,990;EUR;0
14.03.2017;106,910;106,910;106,910;106,910;EUR;0
15.03.2017;107,170;107,170;107,170;107,170;EUR;0
16.03.2017;108,410;108,410;108,410;108,410;EUR;0
17.03.2017;107,820;107,820;107,820;107,820;EUR;0
20.03.2017;108,250;108,250;108,250;108,250;EUR;0
21.03.2017;107,890;107,890;107,890;107,890;EUR;0
22.03.2017;109,430;109,430;109,430;109,430;EUR;0
23.03.2017;109,330;109,330;109,330;109,330;EUR;0
24.03.2017;109,580;109,580;109,580;109,580;EUR;0
27.03.2017;109,350;109,350;109,350;109,350;EUR;0
28.03.2017;109,100;109,100;109,100;109,100;EUR;0
29.03.2017;109,530;109,530;109,530;109,530;EUR;0
30.03.2017;110,340;110,340;110,340;110,340;EUR;0
31.03.2017;110,130;110,130;110,130;110,130;EUR;0
03.04.2017;110,690;110,690;110,690;110,690;EUR;0
04.04.2017;111,810;111,810;111,810;111,810;EUR;0
05.04.2017;111,390;111,390;111,390;111,390;EUR;0
06.04.2017;111,510;111,510;111,510;111,510;EUR;0
07.04.2017;112,460;112,460;112,460;112,460;EUR;0
10.04.2017;112,260;112,260;112,260;112,260;EUR;0
11.04.2017;112,720;112,720;112,720;112,720;EUR;0
12.04.2017;113,960;114,490;113,950;113,950;EUR;115
13.04.2017;114,470;114,950;114,470;114,950;EUR;35
18.04.2017;114,350;114,350;114,350;114,350;EUR;0
19.04.2017;113,570;113,600;113,570;113,600;EUR;50
20.04.2017;112,900;112,900;112,900;112,900;EUR;0
21.04.2017;113,200;113,200;113,200;113,200;EUR;0
24.04.2017;109,120;111,990;109,120;111,450;EUR;35
25.04.2017;111,100;111,100;111,100;111,100;EUR;0
26.04.2017;109,210;109,210;109,210;109,210;EUR;0
27.04.2017;110,000;110,000;110,000;110,000;EUR;0
28.04.2017;110,310;110,310;110,310;110,310;EUR;0
02.05.2017;108,930;108,930;108,930;108,930;EUR;13
03.05.2017;108,890;108,890;108,890;108,890;EUR;0
04.05.2017;107,290;107,290;107,290;107,290;EUR;0
05.05.2017;106,420;106,420;106,420;106,420;EUR;0
08.05.2017;105,960;105,960;105,960;105,960;EUR;0
09.05.2017;106,420;106,960;106,420;106,960;EUR;70
10.05.2017;106,510;106,510;106,510;106,510;EUR;0
11.05.2017;106,260;106,260;106,260;106,260;EUR;0
12.05.2017;106,850;106,850;106,850;106,850;EUR;0
15.05.2017;106,760;106,760;106,760;106,760;EUR;0
16.05.2017;106,120;106,120;106,120;106,120;EUR;0
17.05.2017;106,310;106,810;106,310;106,810;EUR;27
18.05.2017;107,170;107,170;107,170;107,170;EUR;0
19.05.2017;106,410;106,410;106,410;106,410;EUR;0
22.05.2017;106,220;106,220;106,220;106,220;EUR;0
23.05.2017;106,470;106,470;106,470;106,470;EUR;0
24.05.2017;105,790;105,790;105,790;105,790;EUR;0
25.05.2017;105,880;105,880;105,880;105,880;EUR;0
26.05.2017;106,530;106,530;106,530;106,530;EUR;0
29.05.2017;107,540;107,540;107,540;107,540;EUR;0
30.05.2017;108,060;108,060;108,060;108,060;EUR;0
31.05.2017;107,060;107,060;107,060;107,060;EUR;0
01.06.2017;106,720;106,720;106,720;106,720;EUR;0
02.06.2017;106,160;106,160;106,160;106,160;EUR;0
06.06.2017;107,850;107,850;107,850;107,850;EUR;0
07.06.2017;108,740;108,740;108,740;108,740;EUR;0
08.06.2017;108,240;108,240;108,240;108,240;EUR;0
09.06.2017;107,700;107,700;107,700;107,700;EUR;0
12.06.2017;106,760;106,760;106,760;106,760;EUR;0
13.06.2017;107,300;107,300;107,300;107,300;EUR;0
14.06.2017;107,060;107,060;107,060;107,060;EUR;0
15.06.2017;106,820;106,820;106,820;106,820;EUR;0
16.06.2017;106,540;106,540;106,540;106,540;EUR;0
19.06.2017;105,970;106,000;105,970;106,000;EUR;810
20.06.2017;105,460;105,460;105,460;105,460;EUR;0
21.06.2017;105,820;105,820;105,820;105,820;EUR;0
22.06.2017;106,080;106,080;106,080;106,080;EUR;0
23.06.2017;106,140;106,140;106,140;106,140;EUR;0
26.06.2017;106,170;106,170;106,170;106,170;EUR;0
27.06.2017;105,170;105,170;105,170;105,170;EUR;0
28.06.2017;104,050;104,050;104,050;104,050;EUR;0
29.06.2017;103,740;103,740;103,740;103,740;EUR;0
30.06.2017;103,120;103,120;103,120;103,120;EUR;0
03.07.2017;102,930;102,930;102,930;102,930;EUR;0
04.07.2017;102,290;102,290;102,290;102,290;EUR;0
05.07.2017;102,090;102,090;102,090;102,090;EUR;0
06.07.2017;102,550;102,550;102,550;102,550;EUR;0
07.07.2017;101,140;101,140;101,140;101,140;EUR;0
10.07.2017;100,420;100,420;100,420;100,420;EUR;0
11.07.2017;100,740;100,740;100,740;100,740;EUR;0
12.07.2017;100,590;100,590;100,590;100,590;EUR;0
13.07.2017;100,780;101,930;100,780;101,930;EUR;5
14.07.2017;100,950;100,950;100,950;100,950;EUR;0
17.07.2017;101,770;101,770;101,770;101,770;EUR;0
18.07.2017;101,340;101,340;101,340;101,340;EUR;0
19.07.2017;101,920;101,920;101,920;101,920;EUR;0
20.07.2017;101,870;101,870;101,870;101,870;EUR;0
21.07.2017;101,190;101,190;101,190;101,190;EUR;0
24.07.2017;101,690;101,690;101,690;101,690;EUR;0
25.07.2017;101,750;101,750;101,750;101,750;EUR;0
26.07.2017;101,000;101,000;101,000;101,000;EUR;0
27.07.2017;101,560;101,560;101,560;101,560;EUR;0
28.07.2017;101,750;101,750;101,750;101,750;EUR;0
31.07.2017;102,340;102,340;102,340;102,340;EUR;0
01.08.2017;101,610;101,610;101,610;101,610;EUR;0
02.08.2017;101,030;101,030;101,030;101,030;EUR;0
03.08.2017;100,490;100,490;100,490;100,490;EUR;0
04.08.2017;101,000;101,000;101,000;101,000;EUR;0
07.08.2017;100,870;100,870;100,870;100,870;EUR;0
08.08.2017;100,910;100,910;100,910;100,910;EUR;0
09.08.2017;102,140;102,140;102,140;102,140;EUR;0
10.08.2017;103,330;103,330;103,330;103,330;EUR;0
11.08.2017;103,510;103,510;103,510;103,510;EUR;0
14.08.2017;103,090;103,090;103,090;103,090;EUR;0
15.08.2017;102,520;102,520;102,520;102,520;EUR;0
16.08.2017;102,520;102,520;102,520;102,520;EUR;0
17.08.2017;103,410;103,410;103,410;103,410;EUR;0
18.08.2017;103,930;103,930;103,930;103,930;EUR;0
21.08.2017;103,360;103,360;103,360;103,360;EUR;0
22.08.2017;103,270;103,270;103,270;103,270;EUR;0
23.08.2017;103,220;103,220;103,220;103,220;EUR;0
24.08.2017;103,500;103,500;103,500;103,500;EUR;0
25.08.2017;103,210;103,210;103,210;103,210;EUR;0
28.08.2017;102,660;102,660;102,660;102,660;EUR;0
29.08.2017;104,520;104,680;104,520;104,680;EUR;380
30.08.2017;103,420;103,420;103,420;103,420;EUR;0
31.08.2017;103,940;103,940;103,940;103,940;EUR;0
01.09.2017;104,840;104,840;104,840;104,840;EUR;0
04.09.2017;106,300;106,300;106,300;106,300;EUR;0
05.09.2017;106,290;106,290;106,290;106,290;EUR;0
06.09.2017;106,320;106,320;106,320;106,320;EUR;0
07.09.2017;105,890;105,890;105,890;105,890;EUR;0
08.09.2017;105,550;105,550;105,550;105,550;EUR;0
11.09.2017;105,390;105,390;105,390;105,390;EUR;0
12.09.2017;104,770;104,770;104,770;104,770;EUR;0
13.09.2017;105,000;105,000;105,000;105,000;EUR;0
14.09.2017;105,340;105,340;105,340;105,340;EUR;0
15.09.2017;105,970;105,970;105,970;105,970;EUR;0
18.09.2017;104,370;104,370;104,370;104,370;EUR;0
19.09.2017;102,860;102,860;102,860;102,860;EUR;0
20.09.2017;103,260;103,260;103,260;103,260;EUR;0
21.09.2017;103,370;103,370;103,370;103,370;EUR;0
22.09.2017;102,290;102,290;102,290;102,290;EUR;0
25.09.2017;102,590;102,590;102,590;102,590;EUR;0
26.09.2017;104,690;104,690;104,690;104,690;EUR;0
27.09.2017;104,030;104,030;104,030;104,030;EUR;0
28.09.2017;103,400;103,400;103,400;103,400;EUR;0
29.09.2017;103,180;103,180;103,180;103,180;EUR;0
02.10.2017;102,760;102,760;102,760;102,760;EUR;0
04.10.2017;102,270;102,270;102,270;102,270;EUR;0
05.10.2017;102,510;102,510;102,510;102,510;EUR;0
06.10.2017;102,570;102,570;102,570;102,570;EUR;0
09.10.2017;103,640;103,640;103,640;103,640;EUR;0
10.10.2017;103,120;103,120;103,120;103,120;EUR;0
11.10.2017;103,000;103,000;103,000;103,000;EUR;0
12.10.2017;102,980;102,980;102,980;102,980;EUR;0
13.10.2017;103,350;103,350;103,350;103,350;EUR;0
16.10.2017;104,560;104,560;104,560;104,560;EUR;0
17.10.2017;103,840;103,840;103,840;103,840;EUR;0
18.10.2017;103,160;103,160;103,160;103,160;EUR;0
19.10.2017;102,280;102,280;102,280;102,280;EUR;0
20.10.2017;103,210;103,210;103,210;103,210;EUR;0
23.10.2017;102,720;102,720;102,720;102,720;EUR;0
24.10.2017;102,940;102,940;102,940;102,940;EUR;0
25.10.2017;102,300;102,300;102,300;102,300;EUR;0
26.10.2017;102,100;102,100;102,100;102,100;EUR;0
27.10.2017;102,950;102,950;102,950;102,950;EUR;0
30.10.2017;103,260;103,260;103,260;103,260;EUR;0
01.11.2017;103,640;103,640;103,640;103,640;EUR;0
02.11.2017;103,290;103,290;103,290;103,290;EUR;0
03.11.2017;103,430;103,430;103,430;103,430;EUR;0
06.11.2017;103,280;103,280;103,280;103,280;EUR;0
07.11.2017;104,220;104,220;104,220;104,220;EUR;0
08.11.2017;104,080;104,080;104,080;104,080;EUR;0
09.11.2017;104,420;104,930;104,420;104,930;EUR;13
10.11.2017;104,200;104,480;104,200;104,480;EUR;50
13.11.2017;103,710;103,710;103,710;103,710;EUR;0
14.11.2017;103,410;103,410;103,410;103,410;EUR;0
15.11.2017;102,610;102,610;102,610;102,610;EUR;0
16.11.2017;102,230;102,230;102,230;102,230;EUR;0
17.11.2017;102,190;102,190;102,190;102,190;EUR;0
20.11.2017;104,440;104,440;104,440;104,440;EUR;0
21.11.2017;102,870;102,870;102,870;102,870;EUR;0
22.11.2017;103,090;103,090;103,090;103,090;EUR;0
23.11.2017;102,990;102,990;102,990;102,990;EUR;0
24.11.2017;102,770;102,770;102,770;102,770;EUR;0
27.11.2017;102,260;102,260;102,260;102,260;EUR;0
28.11.2017;102,750;102,750;102,750;102,750;EUR;0
29.11.2017;103,080;103,080;103,080;103,080;EUR;0
30.11.2017;101,980;101,980;101,980;101,980;EUR;0
01.12.2017;100,980;100,980;100,980;100,980;EUR;0
04.12.2017;101,680;101,680;101,680;101,680;EUR;0
05.12.2017;101,480;101,480;101,480;101,480;EUR;0
06.12.2017;101,010;101,010;101,010;101,010;EUR;0
07.12.2017;100,670;100,670;100,670;100,670;EUR;0
08.12.2017;100,520;100,520;100,520;100,520;EUR;0
11.12.2017;100,000;100,000;100,000;100,000;EUR;0
12.12.2017;99,790;99,790;99,790;99,790;EUR;0
13.12.2017;99,700;99,700;99,700;99,700;EUR;0
14.12.2017;100,370;100,370;100,370;100,370;EUR;0
15.12.2017;100,570;100,570;100,570;100,570;EUR;0
18.12.2017;101,090;101,090;101,090;101,090;EUR;0
19.12.2017;101,050;101,050;101,050;101,050;EUR;0
20.12.2017;100,860;100,860;100,860;100,860;EUR;0
21.12.2017;100,860;100,860;100,860;100,860;EUR;0
22.12.2017;101,030;101,030;101,030;101,030;EUR;1
27.12.2017;102,630;102,630;102,630;102,630;EUR;0
28.12.2017;101,810;102,560;101,810;102,560;EUR;92
29.12.2017;102,270;102,270;102,200;102,200;EUR;0
02.01.2018;102,380;102,380;102,380;102,380;EUR;0
03.01.2018;103,080;103,080;103,080;103,080;EUR;0
04.01.2018;102,380;103,720;102,380;103,720;EUR;10
05.01.2018;103,370;103,370;103,370;103,370;EUR;0
08.01.2018;103,850;104,750;103,850;104,750;EUR;20
09.01.2018;104,020;104,020;104,020;104,020;EUR;0
10.01.2018;103,490;103,490;103,490;103,490;EUR;0
11.01.2018;104,340;104,340;104,340;104,340;EUR;0
12.01.2018;104,160;104,160;104,160;104,160;EUR;0
15.01.2018;103,540;103,540;103,540;103,540;EUR;0
16.01.2018;102,700;103,880;102,700;103,880;EUR;50
18.01.2018;102,780;102,780;102,780;102,780;EUR;0
19.01.2018;102,510;102,510;102,510;102,510;EUR;0
22.01.2018;102,690;102,690;102,690;102,690;EUR;0
23.01.2018;103,100;103,100;103,100;103,100;EUR;0
24.01.2018;102,940;102,940;102,940;102,940;EUR;0
25.01.2018;103,180;103,180;103,180;103,180;EUR;0
26.01.2018;102,390;102,390;102,390;102,390;EUR;0
29.01.2018;102,630;102,630;102,630;102,630;EUR;0
30.01.2018;102,340;102,340;102,340;102,340;EUR;0
31.01.2018;101,380;101,380;101,380;101,380;EUR;0
01.02.2018;102,340;102,340;102,340;102,340;EUR;0
02.02.2018;101,840;101,840;101,840;101,840;EUR;0
05.02.2018;101,050;101,050;101,050;101,050;EUR;0
06.02.2018;102,690;102,690;102,690;102,690;EUR;0
07.02.2018;101,080;101,080;101,080;101,080;EUR;0
08.02.2018;100,860;100,860;100,860;100,860;EUR;0
09.02.2018;101,810;101,810;101,810;101,810;EUR;0
12.02.2018;101,360;101,360;101,360;101,360;EUR;0
13.02.2018;101,470;101,470;101,470;101,470;EUR;0
14.02.2018;101,920;101,920;101,920;101,920;EUR;0
15.02.2018;102,400;102,400;102,400;102,400;EUR;0
16.02.2018;102,010;102,010;102,010;102,010;EUR;0
19.02.2018;102,370;102,370;102,370;102,370;EUR;0
20.02.2018;102,410;102,410;102,410;102,410;EUR;0
21.02.2018;101,600;101,600;101,600;101,600;EUR;0
22.02.2018;101,900;101,900;101,900;101,900;EUR;0
23.02.2018;102,120;102,120;102,120;102,120;EUR;0
26.02.2018;102,240;102,240;102,240;102,240;EUR;0
27.02.2018;102,240;102,240;102,240;102,240;EUR;0
28.02.2018;101,590;101,590;101,590;101,590;EUR;0
01.03.2018;101,580;101,580;101,580;101,580;EUR;0
02.03.2018;101,480;101,480;101,480;101,480;EUR;0
05.03.2018;102,130;102,130;102,130;102,130;EUR;0
06.03.2018;101,360;101,360;101,360;101,360;EUR;0
07.03.2018;101,320;101,320;101,320;101,320;EUR;0
08.03.2018;101,310;101,310;101,310;101,310;EUR;0
09.03.2018;100,730;100,730;100,730;100,730;EUR;0
12.03.2018;101,200;101,200;101,200;101,200;EUR;0
13.03.2018;101,160;101,160;101,160;101,160;EUR;0
14.03.2018;100,950;100,950;100,950;100,950;EUR;0
15.03.2018;101,140;101,140;101,140;101,140;EUR;0
16.03.2018;100,880;100,880;100,880;100,880;EUR;0
19.03.2018;100,990;100,990;100,990;100,990;EUR;0
20.03.2018;100,540;100,540;100,540;100,540;EUR;0
21.03.2018;100,860;100,860;100,860;100,860;EUR;0
22.03.2018;101,570;101,570;101,570;101,570;EUR;0
23.03.2018;102,340;103,710;102,340;103,710;EUR;20
26.03.2018;102,670;102,670;102,670;102,670;EUR;0
27.03.2018;102,600;102,600;102,600;102,600;EUR;0
28.03.2018;101,940;101,940;101,940;101,940;EUR;0
29.03.2018;101,550;101,550;101,550;101,550;EUR;0
03.04.2018;102,940;102,940;102,940;102,940;EUR;0
04.04.2018;102,270;102,270;102,270;102,270;EUR;0
05.04.2018;102,320;102,320;102,320;102,320;EUR;0
06.04.2018;102,720;102,720;102,720;102,720;EUR;0
09.04.2018;102,420;102,420;102,420;102,420;EUR;0
10.04.2018;102,120;102,120;102,120;102,120;EUR;0
11.04.2018;102,350;102,350;102,350;102,350;EUR;0
12.04.2018;103,240;103,240;103,240;103,240;EUR;0
13.04.2018;102,510;102,510;102,510;102,510;EUR;0
16.04.2018;103,000;103,000;103,000;103,000;EUR;0
17.04.2018;102,400;102,400;102,400;102,400;EUR;0
18.04.2018;102,370;102,370;102,370;102,370;EUR;0
19.04.2018;103,150;103,150;103,150;103,150;EUR;0
20.04.2018;102,720;102,720;102,720;102,720;EUR;0
23.04.2018;102,660;102,660;102,660;102,660;EUR;0
24.04.2018;102,300;102,300;102,300;102,300;EUR;0
25.04.2018;102,540;102,540;102,540;102,540;EUR;0
26.04.2018;102,580;102,580;102,580;102,580;EUR;0
27.04.2018;102,530;102,530;102,530;102,530;EUR;0
30.04.2018;102,620;102,620;102,620;102,620;EUR;0
02.05.2018;102,540;102,540;102,540;102,540;EUR;0
03.05.2018;102,780;102,780;102,780;102,780;EUR;0
04.05.2018;103,480;103,480;103,480;103,480;EUR;0
07.05.2018;103,930;103,930;103,930;103,930;EUR;0
08.05.2018;103,830;104,770;103,830;104,770;EUR;25
09.05.2018;104,280;104,280;104,280;104,280;EUR;0
10.05.2018;104,340;104,340;104,340;104,340;EUR;0
11.05.2018;104,700;104,700;104,700;104,700;EUR;0
14.05.2018;103,810;103,810;103,810;103,810;EUR;0
15.05.2018;103,990;103,990;103,990;103,990;EUR;0
16.05.2018;103,140;103,140;103,140;103,140;EUR;0
17.05.2018;102,810;102,810;102,810;102,810;EUR;0
18.05.2018;102,800;102,800;102,800;102,800;EUR;0
22.05.2018;103,160;104,280;103,160;104,280;EUR;100
23.05.2018;103,570;103,570;103,570;103,570;EUR;0
24.05.2018;104,300;104,300;104,300;104,300;EUR;0
25.05.2018;104,990;104,990;104,990;104,990;EUR;0
28.05.2018;103,740;103,740;103,740;103,740;EUR;0
29.05.2018;105,590;105,590;105,590;105,590;EUR;0
30.05.2018;105,800;105,860;105,800;105,860;EUR;150
31.05.2018;105,150;105,150;105,150;105,150;EUR;0
01.06.2018;105,010;105,010;105,010;105,010;EUR;0
04.06.2018;103,800;103,800;103,800;103,800;EUR;0
05.06.2018;104,150;104,150;104,150;104,150;EUR;0
06.06.2018;104,410;104,410;104,410;104,410;EUR;0
07.06.2018;103,600;103,600;103,600;103,600;EUR;0
08.06.2018;103,470;103,470;103,470;103,470;EUR;0
11.06.2018;103,760;103,760;103,760;103,760;EUR;0
12.06.2018;103,920;103,920;103,920;103,920;EUR;0
13.06.2018;103,790;103,790;103,790;103,790;EUR;0
14.06.2018;103,760;103,760;103,760;103,760;EUR;0
15.06.2018;105,980;105,980;105,980;105,980;EUR;0
18.06.2018;104,160;104,160;104,160;104,160;EUR;0
19.06.2018;104,050;104,050;104,050;104,050;EUR;0
20.06.2018;103,760;103,760;103,760;103,760;EUR;0
21.06.2018;103,150;103,150;103,150;103,150;EUR;0
22.06.2018;102,810;102,810;102,810;102,810;EUR;0
25.06.2018;102,390;102,390;102,390;102,390;EUR;0
26.06.2018;101,730;101,830;101,730;101,830;EUR;50
27.06.2018;101,590;101,590;101,590;101,590;EUR;0
28.06.2018;102,160;102,160;102,160;102,160;EUR;0
29.06.2018;101,290;101,290;101,290;101,290;EUR;0
02.07.2018;101,140;101,800;101,140;101,800;EUR;100
03.07.2018;100,430;100,430;100,430;100,430;EUR;0
04.07.2018;101,620;101,620;101,620;101,620;EUR;0
05.07.2018;101,170;101,170;101,170;101,170;EUR;0
06.07.2018;101,120;101,120;101,120;101,120;EUR;0
09.07.2018;100,890;100,890;100,890;100,890;EUR;0
10.07.2018;100,990;100,990;100,990;100,990;EUR;0
11.07.2018;100,510;100,510;100,510;100,510;EUR;0
12.07.2018;100,320;100,320;100,320;100,320;EUR;0
13.07.2018;100,640;100,640;100,640;100,640;EUR;0
16.07.2018;100,240;100,240;100,240;100,240;EUR;0
17.07.2018;99,850;99,850;99,850;99,850;EUR;0
18.07.2018;99,300;99,300;99,300;99,300;EUR;0
19.07.2018;99,180;99,500;99,180;99,500;EUR;150
20.07.2018;98,700;98,700;98,700;98,700;EUR;0
23.07.2018;98,910;98,910;98,910;98,910;EUR;0
24.07.2018;98,470;98,470;98,470;98,470;EUR;0
25.07.2018;98,880;98,880;98,880;98,880;EUR;0
26.07.2018;98,750;98,750;98,750;98,750;EUR;0
27.07.2018;99,010;99,010;99,010;99,010;EUR;0
30.07.2018;98,630;98,630;98,630;98,630;EUR;0
31.07.2018;98,320;98,320;98,320;98,320;EUR;0
01.08.2018;98,460;98,460;98,460;98,460;EUR;0
02.08.2018;98,630;98,630;98,630;98,630;EUR;0
03.08.2018;98,170;98,170;98,170;98,170;EUR;0
06.08.2018;98,950;98,950;98,950;98,950;EUR;0
07.08.2018;98,750;98,750;98,750;98,750;EUR;0
08.08.2018;98,360;98,360;98,360;98,360;EUR;0
09.08.2018;98,630;98,630;98,630;98,630;EUR;0
10.08.2018;99,220;99,220;99,220;99,220;EUR;0
13.08.2018;100,010;100,010;100,010;100,010;EUR;0
14.08.2018;98,650;98,650;98,650;98,650;EUR;0
15.08.2018;98,750;98,750;98,680;98,680;EUR;50
16.08.2018;97,360;97,360;97,360;97,360;EUR;0
17.08.2018;97,230;97,700;97,230;97,700;EUR;10
20.08.2018;97,860;97,860;97,860;97,860;EUR;0
21.08.2018;97,670;97,670;97,670;97,670;EUR;0
22.08.2018;97,250;97,250;97,250;97,250;EUR;0
23.08.2018;97,150;97,150;97,150;97,150;EUR;0
24.08.2018;96,670;96,670;96,670;96,670;EUR;0
27.08.2018;97,850;97,850;97,850;97,850;EUR;0
28.08.2018;97,520;97,520;97,520;97,520;EUR;0
29.08.2018;97,050;97,050;97,050;97,050;EUR;0
30.08.2018;96,760;96,760;96,760;96,760;EUR;0
31.08.2018;97,150;97,150;97,150;97,150;EUR;0
03.09.2018;97,400;97,400;97,400;97,400;EUR;0
04.09.2018;97,350;97,800;97,350;97,800;EUR;10
05.09.2018;96,970;96,970;96,970;96,970;EUR;0
06.09.2018;96,940;96,940;96,940;96,940;EUR;0
07.09.2018;97,290;97,290;97,290;97,290;EUR;0
10.09.2018;97,220;97,220;97,220;97,220;EUR;0
11.09.2018;96,980;96,980;96,980;96,980;EUR;0
12.09.2018;97,100;97,100;97,100;97,100;EUR;0
13.09.2018;97,590;97,590;97,590;97,590;EUR;0
14.09.2018;97,040;97,040;97,040;97,040;EUR;0
17.09.2018;96,770;96,770;96,770;96,770;EUR;0
18.09.2018;96,560;96,560;96,560;96,560;EUR;0
19.09.2018;97,000;97,000;97,000;97,000;EUR;0
20.09.2018;97,120;97,120;97,120;97,120;EUR;0
21.09.2018;96,640;96,640;96,640;96,640;EUR;0
24.09.2018;95,950;95,950;95,950;95,950;EUR;0
25.09.2018;96,140;96,140;96,140;96,140;EUR;0
26.09.2018;96,170;96,280;96,170;96,280;EUR;100
27.09.2018;96,190;96,190;96,190;96,190;EUR;0
28.09.2018;95,710;95,710;95,710;95,710;EUR;0
01.10.2018;96,610;96,610;96,610;96,610;EUR;0
02.10.2018;97,150;97,150;97,150;97,150;EUR;0
04.10.2018;98,320;98,320;98,320;98,320;EUR;0
05.10.2018;98,070;98,070;98,070;98,070;EUR;0
08.10.2018;97,860;97,860;97,860;97,860;EUR;0
09.10.2018;97,150;97,150;97,150;97,150;EUR;0
10.10.2018;97,380;97,380;97,340;97,340;EUR;400
11.10.2018;97,190;97,190;97,190;97,190;EUR;0
12.10.2018;98,970;99,550;98,970;99,550;EUR;25
15.10.2018;99,610;99,610;99,610;99,610;EUR;0
16.10.2018;99,650;99,650;99,650;99,650;EUR;0
17.10.2018;99,570;99,570;99,570;99,570;EUR;0
18.10.2018;100,210;100,790;100,210;100,790;EUR;500
22.10.2018;100,290;100,290;100,290;100,290;EUR;0
23.10.2018;100,700;100,700;100,700;100,700;EUR;0
24.10.2018;101,330;101,330;101,330;101,330;EUR;0
25.10.2018;102,070;102,070;102,070;102,070;EUR;0
26.10.2018;102,050;102,050;102,050;102,050;EUR;0
29.10.2018;101,720;101,720;101,720;101,720;EUR;0
30.10.2018;101,570;101,570;101,570;101,570;EUR;0
31.10.2018;101,040;101,040;101,040;101,040;EUR;0
01.11.2018;101,370;101,370;101,370;101,370;EUR;0
02.11.2018;101,610;101,610;101,610;101,610;EUR;0
05.11.2018;101,690;101,690;101,690;101,690;EUR;0
06.11.2018;101,440;101,440;101,440;101,440;EUR;0
07.11.2018;101,030;101,030;101,030;101,030;EUR;0
08.11.2018;100,810;100,810;100,810;100,810;EUR;0
09.11.2018;101,150;101,150;101,150;101,150;EUR;0
12.11.2018;100,720;100,720;100,720;100,720;EUR;0
13.11.2018;100,610;100,610;100,610;100,610;EUR;0
14.11.2018;100,320;100,320;100,320;100,320;EUR;0
15.11.2018;100,660;100,660;100,660;100,660;EUR;0
16.11.2018;100,760;100,760;100,760;100,760;EUR;0
19.11.2018;100,590;100,590;100,590;100,590;EUR;0
20.11.2018;100,530;100,530;100,530;100,530;EUR;0
21.11.2018;100,970;100,970;100,970;100,970;EUR;0
22.11.2018;101,270;101,270;101,270;101,270;EUR;0
23.11.2018;101,080;101,080;101,080;101,080;EUR;0
26.11.2018;101,620;101,620;101,620;101,620;EUR;0
27.11.2018;101,410;101,410;101,410;101,410;EUR;0
28.11.2018;101,170;101,170;101,170;101,170;EUR;0
29.11.2018;101,330;101,330;101,330;101,330;EUR;0
30.11.2018;101,100;101,100;101,100;101,100;EUR;0
03.12.2018;101,570;101,570;101,570;101,570;EUR;0
04.12.2018;102,280;102,280;102,280;102,280;EUR;0
05.12.2018;102,620;102,620;102,620;102,620;EUR;0
06.12.2018;102,600;102,600;102,600;102,600;EUR;0
07.12.2018;102,580;102,580;102,580;102,580;EUR;0
10.12.2018;102,790;102,790;102,790;102,790;EUR;0
11.12.2018;103,140;103,140;103,140;103,140;EUR;0
12.12.2018;103,150;103,150;103,150;103,150;EUR;0
13.12.2018;103,030;103,030;103,030;103,030;EUR;0
14.12.2018;102,800;102,800;102,800;102,800;EUR;0
17.12.2018;102,920;102,920;102,920;102,920;EUR;0
18.12.2018;103,170;103,170;103,170;103,170;EUR;0
19.12.2018;103,150;103,150;103,150;103,150;EUR;0
20.12.2018;102,820;102,820;102,820;102,820;EUR;0
21.12.2018;103,510;103,510;103,510;103,510;EUR;0
27.12.2018;104,830;104,830;104,830;104,830;EUR;0
28.12.2018;105,130;105,270;105,130;105,260;EUR;0
02.01.2019;105,310;105,310;105,310;105,310;EUR;0
03.01.2019;106,840;106,840;106,840;106,840;EUR;0
04.01.2019;106,880;106,880;106,880;106,880;EUR;0
07.01.2019;106,290;106,290;106,290;106,290;EUR;0
08.01.2019;105,440;105,440;105,440;105,440;EUR;0
09.01.2019;105,330;105,330;105,330;105,330;EUR;0
10.01.2019;105,450;105,450;105,450;105,450;EUR;0
11.01.2019;105,530;105,530;105,530;105,530;EUR;0
14.01.2019;105,820;105,820;105,820;105,820;EUR;0
15.01.2019;105,720;105,720;105,720;105,720;EUR;0
16.01.2019;106,430;106,430;106,430;106,430;EUR;0
17.01.2019;106,570;106,570;106,570;106,570;EUR;0
18.01.2019;106,640;106,640;106,640;106,640;EUR;0
21.01.2019;106,020;106,020;106,020;106,020;EUR;0
22.01.2019;105,900;105,900;105,900;105,900;EUR;0
23.01.2019;106,230;106,230;106,230;106,230;EUR;0
24.01.2019;105,860;105,860;105,860;105,860;EUR;0
25.01.2019;106,590;106,590;106,590;106,590;EUR;0
28.01.2019;107,320;107,320;107,320;107,320;EUR;0
29.01.2019;107,330;107,330;107,330;107,330;EUR;0
30.01.2019;108,160;108,160;108,160;108,160;EUR;0
31.01.2019;107,850;107,850;107,850;107,850;EUR;0
01.02.2019;108,320;108,320;108,320;108,320;EUR;0
04.02.2019;107,730;107,730;107,730;107,730;EUR;0
05.02.2019;108,040;108,040;108,040;108,040;EUR;0
06.02.2019;108,450;108,450;108,450;108,450;EUR;0
07.02.2019;107,950;107,950;107,950;107,950;EUR;10
08.02.2019;108,500;109,300;108,500;109,300;EUR;20
11.02.2019;108,890;108,890;108,890;108,890;EUR;0
12.02.2019;109,270;109,270;109,270;109,270;EUR;0
13.02.2019;108,970;108,970;108,970;108,970;EUR;0
14.02.2019;109,000;109,000;109,000;109,000;EUR;0
15.02.2019;109,520;109,520;109,520;109,520;EUR;0
18.02.2019;110,040;110,040;110,040;110,040;EUR;0
19.02.2019;110,110;110,110;110,110;110,110;EUR;0
20.02.2019;111,280;111,280;111,280;111,280;EUR;0
21.02.2019;110,790;110,790;110,790;110,790;EUR;0
22.02.2019;109,860;109,860;109,860;109,860;EUR;0
25.02.2019;110,050;110,050;110,050;110,050;EUR;0
26.02.2019;109,970;109,970;109,970;109,970;EUR;0
27.02.2019;109,590;110,380;109,590;110,350;EUR;260
28.02.2019;108,990;108,990;108,990;108,990;EUR;0
01.03.2019;108,400;108,400;108,400;108,400;EUR;0
04.03.2019;107,050;107,050;107,050;107,050;EUR;0
05.03.2019;106,830;106,830;106,830;106,830;EUR;0
06.03.2019;107,330;107,330;107,330;107,330;EUR;0
07.03.2019;106,830;106,830;106,830;106,830;EUR;0
08.03.2019;108,460;108,460;108,460;108,460;EUR;0
11.03.2019;108,560;108,560;108,560;108,560;EUR;0
12.03.2019;108,260;108,260;108,260;108,260;EUR;0
13.03.2019;108,650;108,650;108,650;108,650;EUR;0
14.03.2019;108,230;108,230;108,230;108,230;EUR;0
15.03.2019;107,940;107,940;107,940;107,940;EUR;0
18.03.2019;108,010;108,010;108,010;108,010;EUR;0
19.03.2019;108,090;108,090;108,090;108,090;EUR;0
20.03.2019;108,060;108,060;108,060;108,060;EUR;0
21.03.2019;108,550;108,550;108,550;108,550;EUR;0
22.03.2019;108,270;108,270;108,270;108,270;EUR;0
25.03.2019;109,380;109,380;109,380;109,380;EUR;0
26.03.2019;109,540;109,540;109,540;109,540;EUR;0
27.03.2019;109,890;109,890;109,890;109,890;EUR;0
28.03.2019;109,430;109,430;109,430;109,430;EUR;0
29.03.2019;107,690;107,690;107,690;107,690;EUR;0
01.04.2019;108,030;108,030;108,030;108,030;EUR;0
02.04.2019;107,990;107,990;107,990;107,990;EUR;0
03.04.2019;108,270;108,270;108,270;108,270;EUR;0
04.04.2019;108,040;108,040;108,040;108,040;EUR;0
05.04.2019;107,820;107,820;107,820;107,820;EUR;0
08.04.2019;108,500;108,500;108,500;108,500;EUR;0
09.04.2019;108,400;108,400;108,400;108,400;EUR;0
10.04.2019;108,650;108,650;108,650;108,650;EUR;0
11.04.2019;108,950;108,950;108,950;108,950;EUR;0
12.04.2019;107,680;107,680;107,680;107,680;EUR;0
15.04.2019;107,010;107,010;107,010;107,010;EUR;0
16.04.2019;106,730;106,730;106,730;106,730;EUR;0
17.04.2019;106,170;106,170;106,170;106,170;EUR;0
18.04.2019;105,750;105,750;105,750;105,750;EUR;0
23.04.2019;106,330;106,330;106,330;106,330;EUR;0
24.04.2019;106,380;106,680;106,380;106,680;EUR;2
25.04.2019;107,490;107,490;107,490;107,490;EUR;0
26.04.2019;107,960;107,960;107,960;107,960;EUR;0
29.04.2019;108,170;108,170;108,170;108,170;EUR;0
30.04.2019;107,800;107,800;107,800;107,800;EUR;0
02.05.2019;106,740;106,740;106,740;106,740;EUR;0
03.05.2019;106,860;106,860;106,860;106,860;EUR;0
06.05.2019;107,630;107,630;107,630;107,630;EUR;0
07.05.2019;107,420;107,420;107,420;107,420;EUR;0
08.05.2019;107,890;107,890;107,890;107,890;EUR;0
09.05.2019;107,550;107,550;107,550;107,550;EUR;0
10.05.2019;107,640;107,640;107,640;107,640;EUR;0
13.05.2019;107,370;107,370;107,370;107,370;EUR;0
14.05.2019;108,480;108,480;108,480;108,480;EUR;0
15.05.2019;108,530;108,530;108,530;108,530;EUR;0
16.05.2019;108,610;108,610;108,610;108,610;EUR;0
17.05.2019;108,220;108,220;108,220;108,220;EUR;0
20.05.2019;107,400;107,400;107,400;107,400;EUR;0
21.05.2019;107,420;107,420;107,420;107,420;EUR;0
22.05.2019;107,240;107,240;107,240;107,240;EUR;0
23.05.2019;107,380;107,380;107,380;107,380;EUR;0
24.05.2019;107,760;107,760;107,760;107,760;EUR;0
27.05.2019;107,850;107,850;107,850;107,850;EUR;0
28.05.2019;107,730;107,730;107,730;107,730;EUR;0
29.05.2019;107,750;107,750;107,750;107,750;EUR;0
30.05.2019;107,710;107,710;107,710;107,710;EUR;0
31.05.2019;109,100;109,100;109,100;109,100;EUR;0
03.06.2019;110,210;110,210;110,210;110,210;EUR;0
04.06.2019;110,550;110,550;110,550;110,550;EUR;0
05.06.2019;110,760;110,760;110,760;110,760;EUR;0
06.06.2019;111,360;111,360;111,360;111,360;EUR;0
07.06.2019;111,090;111,090;111,090;111,090;EUR;0
11.06.2019;110,230;110,230;110,230;110,230;EUR;0
12.06.2019;110,570;110,570;110,570;110,570;EUR;0
13.06.2019;111,050;111,050;111,050;111,050;EUR;0
14.06.2019;112,180;112,180;112,180;112,180;EUR;0
17.06.2019;112,130;112,130;112,130;112,130;EUR;0
18.06.2019;112,500;112,500;112,500;112,500;EUR;0
19.06.2019;112,970;112,970;112,970;112,970;EUR;0
20.06.2019;115,190;115,190;115,190;115,190;EUR;0
21.06.2019;116,200;116,200;116,200;116,200;EUR;0
24.06.2019;115,860;115,860;115,860;115,860;EUR;0
25.06.2019;117,310;117,310;117,310;117,310;EUR;0
26.06.2019;116,440;116,440;116,440;116,440;EUR;0
27.06.2019;116,310;116,310;116,310;116,310;EUR;0
28.06.2019;116,900;116,900;116,900;116,900;EUR;0
01.07.2019;114,800;114,800;114,800;114,800;EUR;0
02.07.2019;115,850;115,850;115,850;115,850;EUR;0
03.07.2019;118,560;118,560;118,560;118,560;EUR;0
04.07.2019;117,760;117,760;117,760;117,760;EUR;0
05.07.2019;117,810;117,810;117,810;117,810;EUR;0
08.07.2019;117,460;117,460;117,460;117,460;EUR;0
09.07.2019;116,710;116,710;116,710;116,710;EUR;0
10.07.2019;116,690;116,690;116,690;116,690;EUR;0
11.07.2019;118,480;118,880;118,480;118,880;EUR;36
12.07.2019;117,030;117,030;117,030;117,030;EUR;0
15.07.2019;117,660;117,660;117,660;117,660;EUR;0
16.07.2019;117,960;117,960;117,960;117,960;EUR;0
17.07.2019;117,510;117,510;117,510;117,510;EUR;0
18.07.2019;118,800;118,800;118,800;118,800;EUR;0
19.07.2019;120,200;120,200;120,200;120,200;EUR;0
22.07.2019;119,460;119,460;119,460;119,460;EUR;0
23.07.2019;118,750;119,430;118,750;119,430;EUR;193
24.07.2019;119,610;119,610;119,610;119,610;EUR;0
25.07.2019;119,980;119,980;119,980;119,980;EUR;0
26.07.2019;118,680;118,680;118,680;118,680;EUR;0
29.07.2019;119,770;119,770;119,770;119,770;EUR;0
30.07.2019;119,980;119,980;119,980;119,980;EUR;0
31.07.2019;120,380;120,380;120,380;120,380;EUR;0
01.08.2019;119,520;119,520;119,520;119,520;EUR;0
02.08.2019;121,420;121,420;121,420;121,420;EUR;0
05.08.2019;122,480;122,480;122,480;122,480;EUR;0
06.08.2019;122,490;123,270;122,490;123,000;EUR;585
07.08.2019;124,440;124,440;124,440;124,440;EUR;0
08.08.2019;125,700;125,700;125,700;125,700;EUR;0
09.08.2019;126,260;126,260;126,260;126,260;EUR;0
12.08.2019;125,300;125,300;125,300;125,300;EUR;0
13.08.2019;127,390;128,460;127,390;128,460;EUR;2
14.08.2019;126,070;126,070;126,070;126,070;EUR;0
15.08.2019;127,790;127,790;127,790;127,790;EUR;0
16.08.2019;128,390;128,390;128,390;128,390;EUR;0
19.08.2019;127,520;127,520;127,520;127,520;EUR;0
20.08.2019;126,720;126,720;126,720;126,720;EUR;0
21.08.2019;127,110;127,110;127,110;127,110;EUR;0
22.08.2019;127,110;127,110;127,110;127,110;EUR;0
23.08.2019;126,770;126,770;126,770;126,770;EUR;0
26.08.2019;129,820;129,820;129,820;129,820;EUR;0
27.08.2019;129,410;129,410;129,410;129,410;EUR;0
28.08.2019;130,250;130,250;130,250;130,250;EUR;0
29.08.2019;130,780;130,780;130,780;130,780;EUR;0
30.08.2019;129,920;129,920;129,920;129,920;EUR;0
02.09.2019;130,210;130,210;130,210;130,210;EUR;0
03.09.2019;130,740;130,740;130,740;130,740;EUR;0
04.09.2019;131,720;131,720;131,720;131,720;EUR;0
05.09.2019;131,500;131,500;131,500;131,500;EUR;0
06.09.2019;128,900;128,900;128,900;128,900;EUR;0
09.09.2019;128,270;128,270;128,270;128,270;EUR;0
10.09.2019;126,450;126,450;126,450;126,450;EUR;0
11.09.2019;126,850;126,850;126,850;126,850;EUR;0
12.09.2019;127,570;127,570;127,570;127,570;EUR;0
13.09.2019;126,910;126,910;126,910;126,910;EUR;0
16.09.2019;127,370;127,370;127,370;127,370;EUR;0
17.09.2019;127,530;127,530;127,530;127,530;EUR;0
18.09.2019;127,320;127,320;127,320;127,320;EUR;0
19.09.2019;127,150;127,150;127,150;127,150;EUR;0
20.09.2019;127,750;127,750;127,750;127,750;EUR;0
23.09.2019;128,850;128,850;128,850;128,850;EUR;0
24.09.2019;129,850;129,850;129,850;129,850;EUR;0
25.09.2019;130,370;130,370;130,370;130,370;EUR;0
26.09.2019;129,150;129,150;129,150;129,150;EUR;0
27.09.2019;129,270;129,270;129,270;129,270;EUR;0
30.09.2019;128,100;128,100;128,100;128,100;EUR;0
01.10.2019;125,960;125,960;125,960;125,960;EUR;0
02.10.2019;126,760;126,760;126,760;126,760;EUR;0
04.10.2019;128,870;128,870;128,870;128,870;EUR;0
07.10.2019;128,140;128,140;128,140;128,140;EUR;0
08.10.2019;127,380;127,380;127,380;127,380;EUR;0
09.10.2019;128,920;128,920;128,920;128,920;EUR;0
10.10.2019;128,600;128,600;128,600;128,600;EUR;0
11.10.2019;127,360;127,360;127,360;127,360;EUR;0
14.10.2019;126,470;126,470;126,470;126,470;EUR;0
15.10.2019;126,760;127,700;126,760;127,700;EUR;570
16.10.2019;126,080;126,080;126,080;126,080;EUR;0
17.10.2019;126,210;126,210;126,210;126,210;EUR;0
18.10.2019;125,840;125,840;125,840;125,840;EUR;0
21.10.2019;125,540;125,540;125,540;125,540;EUR;0
22.10.2019;124,830;124,830;124,830;124,830;EUR;0
23.10.2019;125,530;125,530;125,530;125,530;EUR;0
24.10.2019;125,760;125,760;125,760;125,760;EUR;0
25.10.2019;126,930;126,930;126,930;126,930;EUR;0
28.10.2019;127,430;127,430;127,430;127,430;EUR;0
29.10.2019;126,160;126,160;126,160;126,160;EUR;0
30.10.2019;125,600;125,600;125,600;125,600;EUR;0
31.10.2019;125,880;125,880;125,880;125,880;EUR;0
01.11.2019;126,930;126,930;126,930;126,930;EUR;0
04.11.2019;126,970;126,970;126,970;126,970;EUR;0
05.11.2019;126,750;126,750;126,750;126,750;EUR;0
06.11.2019;125,760;125,760;125,760;125,760;EUR;0
07.11.2019;126,400;126,400;126,400;126,400;EUR;0
08.11.2019;124,660;124,660;124,660;124,660;EUR;0
11.11.2019;124,410;124,410;124,410;124,410;EUR;0
12.11.2019;122,900;122,900;122,900;122,900;EUR;0
13.11.2019;124,420;124,420;124,420;124,420;EUR;0
14.11.2019;124,870;124,870;124,870;124,870;EUR;0
15.11.2019;124,530;124,530;124,530;124,530;EUR;0
18.11.2019;124,150;124,150;124,150;124,150;EUR;0
19.11.2019;124,550;124,550;124,550;124,550;EUR;0
20.11.2019;124,890;124,890;124,890;124,890;EUR;0
21.11.2019;124,450;124,450;124,450;124,450;EUR;0
22.11.2019;124,280;124,280;124,280;124,280;EUR;0
25.11.2019;123,990;123,990;123,990;123,990;EUR;0
26.11.2019;124,000;124,000;124,000;124,000;EUR;0
27.11.2019;124,240;124,240;124,240;124,240;EUR;0
28.11.2019;123,960;123,960;123,960;123,960;EUR;0
29.11.2019;124,100;124,100;124,100;124,100;EUR;0
02.12.2019;124,220;124,220;124,220;124,220;EUR;0
03.12.2019;123,620;123,620;123,620;123,620;EUR;0
04.12.2019;125,320;125,320;125,320;125,320;EUR;0
05.12.2019;124,940;124,940;124,940;124,940;EUR;0
06.12.2019;124,300;124,300;124,300;124,300;EUR;0
09.12.2019;123,790;123,790;123,790;123,790;EUR;0
10.12.2019;123,850;123,850;123,850;123,850;EUR;0
11.12.2019;123,720;123,720;123,720;123,720;EUR;0
12.12.2019;123,950;123,950;123,950;123,950;EUR;0
13.12.2019;123,130;123,130;123,130;123,130;EUR;0
16.12.2019;124,220;124,220;124,220;124,220;EUR;0
17.12.2019;124,230;124,230;124,230;124,230;EUR;0
18.12.2019;124,300;124,300;124,300;124,300;EUR;0
19.12.2019;124,320;124,320;124,320;124,320;EUR;0
20.12.2019;124,680;124,680;124,680;124,680;EUR;0
23.12.2019;125,540;125,540;125,540;125,540;EUR;0
27.12.2019;127,190;127,190;127,190;127,190;EUR;0
30.12.2019;126,700;126,700;126,010;126,060;EUR;0
02.01.2020;127,130;127,130;127,130;127,130;EUR;0
03.01.2020;129,350;129,350;129,350;129,350;EUR;0
06.01.2020;132,110;132,110;131,910;131,910;EUR;40
07.01.2020;131,160;131,160;131,160;131,160;EUR;0
08.01.2020;133,620;133,620;133,620;133,620;EUR;0
09.01.2020;130,200;130,200;130,200;130,200;EUR;0
10.01.2020;130,520;130,520;130,520;130,520;EUR;0
13.01.2020;130,930;130,930;130,930;130,930;EUR;0
14.01.2020;129,420;129,420;129,420;129,420;EUR;0
15.01.2020;130,490;131,410;130,490;131,410;EUR;200
16.01.2020;130,440;130,440;130,440;130,440;EUR;0
17.01.2020;130,910;130,910;130,910;130,910;EUR;0
20.01.2020;131,680;131,680;131,680;131,680;EUR;0
21.01.2020;132,190;132,190;132,190;132,190;EUR;0
22.01.2020;131,190;131,190;131,190;131,190;EUR;0
23.01.2020;131,600;131,600;131,600;131,600;EUR;0
24.01.2020;132,310;132,310;132,310;132,310;EUR;0
27.01.2020;134,000;134,000;134,000;134,000;EUR;0
28.01.2020;134,240;134,240;134,240;134,240;EUR;0
29.01.2020;133,290;133,290;133,290;133,290;EUR;0
30.01.2020;134,410;134,410;134,410;134,410;EUR;0
31.01.2020;133,750;133,750;133,750;133,750;EUR;0
03.02.2020;133,470;133,470;133,470;133,470;EUR;0
04.02.2020;133,090;133,090;133,090;133,090;EUR;0
05.02.2020;132,380;132,380;132,380;132,380;EUR;0
06.02.2020;132,620;132,620;132,620;132,620;EUR;0
07.02.2020;133,420;133,420;133,420;133,420;EUR;0
10.02.2020;134,230;134,230;134,230;134,230;EUR;0
11.02.2020;134,550;134,550;134,550;134,550;EUR;0
12.02.2020;134,500;134,500;134,500;134,500;EUR;0
13.02.2020;135,580;135,580;135,580;135,580;EUR;0
14.02.2020;136,220;136,220;136,220;136,220;EUR;0
17.02.2020;136,740;136,740;136,740;136,740;EUR;0
18.02.2020;137,100;137,100;137,100;137,100;EUR;0
19.02.2020;139,090;139,090;139,090;139,090;EUR;0
20.02.2020;139,490;139,490;139,490;139,490;EUR;0
21.02.2020;141,550;141,550;141,550;141,550;EUR;0
24.02.2020;147,940;147,940;147,940;147,940;EUR;280
25.02.2020;141,310;141,310;141,310;141,310;EUR;0
26.02.2020;141,180;141,180;141,160;141,160;EUR;0
27.02.2020;141,320;141,320;141,320;141,320;EUR;0
28.02.2020;138,370;138,370;134,800;134,800;EUR;160
02.03.2020;135,700;135,800;135,700;135,800;EUR;147
03.03.2020;133,980;133,980;133,980;133,980;EUR;0
04.03.2020;137,760;137,760;137,760;137,760;EUR;0
05.03.2020;138,120;138,120;138,120;138,120;EUR;0
06.03.2020;139,530;139,530;139,530;139,530;EUR;0
09.03.2020;137,100;137,100;137,100;137,100;EUR;0
10.03.2020;137,280;137,280;137,280;137,280;EUR;0
11.03.2020;136,980;136,980;136,980;136,980;EUR;0
12.03.2020;129,340;129,340;129,340;129,340;EUR;0
13.03.2020;131,500;131,500;131,500;131,500;EUR;0
16.03.2020;129,900;129,900;129,900;129,900;EUR;0
17.03.2020;125,190;125,190;124,700;124,760;EUR;38
18.03.2020;128,590;128,590;128,590;128,590;EUR;0
19.03.2020;127,640;128,520;127,640;128,520;EUR;10
20.03.2020;130,270;130,270;130,270;130,270;EUR;0
23.03.2020;129,420;129,420;129,420;129,420;EUR;0
24.03.2020;135,780;135,780;135,780;135,780;EUR;0
25.03.2020;139,280;139,280;139,280;139,280;EUR;0
26.03.2020;137,470;137,470;137,470;137,470;EUR;0
27.03.2020;137,700;137,700;137,700;137,700;EUR;0
30.03.2020;136,440;136,440;136,440;136,440;EUR;0
31.03.2020;137,480;137,480;137,480;137,480;EUR;0
01.04.2020;134,600;134,600;134,600;134,600;EUR;0
02.04.2020;135,430;135,430;135,430;135,430;EUR;0
03.04.2020;139,150;139,150;139,150;139,150;EUR;0
06.04.2020;140,270;140,270;140,270;140,270;EUR;0
07.04.2020;143,700;143,700;143,700;143,700;EUR;0
08.04.2020;141,790;141,790;141,790;141,790;EUR;0
09.04.2020;142,220;142,220;142,220;142,220;EUR;0
14.04.2020;146,350;146,350;146,350;146,350;EUR;0
15.04.2020;147,360;147,400;146,920;146,920;EUR;562
16.04.2020;147,620;147,620;147,620;147,620;EUR;0
17.04.2020;146,060;146,060;146,060;146,060;EUR;0
20.04.2020;145,180;145,180;145,180;145,180;EUR;0
21.04.2020;146,000;146,000;146,000;146,000;EUR;0
22.04.2020;145,250;145,250;145,250;145,250;EUR;0
23.04.2020;148,420;148,420;148,420;148,420;EUR;0
24.04.2020;150,110;150,110;150,110;150,110;EUR;0
27.04.2020;148,560;148,560;148,560;148,560;EUR;0
28.04.2020;146,550;146,550;146,550;146,550;EUR;0
29.04.2020;147,630;147,630;147,630;147,630;EUR;0
30.04.2020;148,010;148,010;148,010;148,010;EUR;0
04.05.2020;145,500;145,500;145,500;145,500;EUR;0
05.05.2020;146,170;146,170;146,170;146,170;EUR;0
06.05.2020;147,170;147,170;147,170;147,170;EUR;0
07.05.2020;146,360;146,360;146,360;146,360;EUR;0
08.05.2020;148,100;148,100;148,100;148,100;EUR;0
11.05.2020;148,660;148,660;148,660;148,660;EUR;14
12.05.2020;147,220;147,220;147,220;147,220;EUR;0
13.05.2020;147,120;147,120;147,120;147,120;EUR;0
14.05.2020;148,530;148,530;148,530;148,530;EUR;0
15.05.2020;150,190;150,190;150,190;150,190;EUR;0
18.05.2020;152,420;152,420;152,420;152,420;EUR;0
19.05.2020;148,710;148,710;148,710;148,710;EUR;0
20.05.2020;149,430;149,430;149,430;149,430;EUR;0
21.05.2020;148,790;148,790;148,790;148,790;EUR;0
22.05.2020;148,200;148,200;148,200;148,200;EUR;0
25.05.2020;148,270;148,270;148,270;148,270;EUR;0
26.05.2020;148,570;148,570;148,570;148,570;EUR;0
27.05.2020;145,730;145,730;145,730;145,730;EUR;0
28.05.2020;146,090;146,090;146,090;146,090;EUR;0
29.05.2020;145,150;145,150;145,150;145,150;EUR;0
02.06.2020;146,120;146,120;146,120;146,120;EUR;0
03.06.2020;144,500;144,500;144,500;144,500;EUR;20
04.06.2020;141,820;141,820;141,820;141,820;EUR;0
05.06.2020;140,600;140,600;140,600;140,600;EUR;0
08.06.2020;140,030;140,030;140,030;140,030;EUR;0
09.06.2020;140,540;140,540;140,540;140,540;EUR;0
10.06.2020;141,440;141,440;141,440;141,440;EUR;0
11.06.2020;142,450;142,450;142,450;142,450;EUR;0
12.06.2020;142,890;142,890;142,890;142,890;EUR;0
15.06.2020;143,280;143,280;143,280;143,280;EUR;0
16.06.2020;142,130;142,130;142,130;142,130;EUR;0
17.06.2020;143,410;143,410;143,410;143,410;EUR;0
18.06.2020;143,640;143,640;143,640;143,640;EUR;0
19.06.2020;144,100;144,100;144,100;144,100;EUR;0
22.06.2020;146,430;146,430;146,430;146,430;EUR;0
23.06.2020;145,580;145,580;145,580;145,580;EUR;0
24.06.2020;146,260;146,260;146,260;146,260;EUR;0
25.06.2020;146,520;146,520;146,520;146,520;EUR;0
26.06.2020;146,650;146,650;146,650;146,650;EUR;0
29.06.2020;147,360;147,360;147,360;147,360;EUR;0
30.06.2020;147,540;147,540;147,540;147,540;EUR;0
01.07.2020;148,700;148,700;148,700;148,700;EUR;0
02.07.2020;146,610;146,610;146,610;146,610;EUR;0
03.07.2020;147,680;147,680;147,680;147,680;EUR;0
06.07.2020;146,870;146,870;146,870;146,870;EUR;0
07.07.2020;147,560;147,560;147,560;147,560;EUR;0
08.07.2020;148,920;148,920;148,920;148,920;EUR;0
09.07.2020;149,010;150,720;149,010;150,720;EUR;66
10.07.2020;149,120;149,120;149,120;149,120;EUR;0
13.07.2020;149,170;149,170;149,170;149,170;EUR;0
14.07.2020;148,240;148,240;148,240;148,240;EUR;0
15.07.2020;148,350;148,350;148,350;148,350;EUR;0
16.07.2020;148,290;148,290;148,290;148,290;EUR;0
17.07.2020;147,890;147,890;147,890;147,890;EUR;0
20.07.2020;147,700;147,700;147,700;147,700;EUR;0
21.07.2020;148,520;148,520;148,520;148,520;EUR;0
22.07.2020;150,660;150,660;150,660;150,660;EUR;0
23.07.2020;150,890;150,890;150,890;150,890;EUR;0
24.07.2020;151,900;151,900;151,900;151,900;EUR;0
27.07.2020;154,620;154,620;154,620;154,620;EUR;0
28.07.2020;154,640;154,640;154,640;154,640;EUR;0
29.07.2020;155,550;155,550;155,550;155,550;EUR;0
30.07.2020;155,760;155,760;155,550;155,550;EUR;6
31.07.2020;155,140;155,140;155,140;155,140;EUR;0
03.08.2020;157,100;157,100;157,100;157,100;EUR;0
04.08.2020;156,990;156,990;156,990;156,990;EUR;0
05.08.2020;159,880;159,880;159,880;159,880;EUR;0
06.08.2020;161,070;161,070;161,070;161,070;EUR;0
07.08.2020;162,680;162,680;162,680;162,680;EUR;0
10.08.2020;161,110;161,110;161,110;161,110;EUR;0
11.08.2020;159,790;159,790;159,790;159,790;EUR;0
12.08.2020;150,120;150,120;150,120;150,120;EUR;0
13.08.2020;152,500;152,500;152,500;152,500;EUR;0
14.08.2020;154,280;154,280;154,280;154,280;EUR;0
17.08.2020;153,130;153,130;153,130;153,130;EUR;0
18.08.2020;156,930;156,930;156,930;156,930;EUR;0
19.08.2020;155,580;155,580;155,580;155,580;EUR;0
20.08.2020;153,550;153,550;153,550;153,550;EUR;0
21.08.2020;153,310;153,310;153,310;153,310;EUR;0
24.08.2020;153,130;153,130;153,130;153,130;EUR;0
25.08.2020;152,750;152,750;152,750;152,750;EUR;0
26.08.2020;151,820;151,820;151,820;151,820;EUR;0
27.08.2020;153,320;153,320;153,320;153,320;EUR;0
28.08.2020;152,860;152,860;152,860;152,860;EUR;0
31.08.2020;154,550;154,550;154,550;154,550;EUR;0
01.09.2020;154,830;154,830;154,830;154,830;EUR;0
02.09.2020;154,200;154,200;154,200;154,200;EUR;0
03.09.2020;153,150;153,150;153,150;153,150;EUR;0
04.09.2020;152,540;152,540;152,540;152,540;EUR;0
07.09.2020;152,390;152,390;152,390;152,390;EUR;0
08.09.2020;152,890;152,890;152,890;152,890;EUR;0
09.09.2020;152,920;152,920;152,920;152,920;EUR;0
10.09.2020;153,880;153,880;153,880;153,880;EUR;0
11.09.2020;153,320;153,320;153,320;153,320;EUR;0
14.09.2020;153,580;153,580;153,580;153,580;EUR;0
15.09.2020;154,510;154,510;154,510;154,510;EUR;0
16.09.2020;154,570;154,570;154,570;154,570;EUR;0
17.09.2020;154,310;154,500;154,310;154,500;EUR;167
18.09.2020;154,040;154,040;154,040;154,040;EUR;0
21.09.2020;153,760;153,760;153,760;153,760;EUR;0
22.09.2020;151,980;152,650;151,980;152,650;EUR;224
23.09.2020;150,660;150,660;150,660;150,660;EUR;0
24.09.2020;148,350;149,660;148,350;149,660;EUR;100
25.09.2020;149,470;149,470;149,470;149,470;EUR;0
28.09.2020;149,160;149,160;149,160;149,160;EUR;0
29.09.2020;150,320;150,320;150,320;150,320;EUR;0
30.09.2020;150,300;150,300;150,300;150,300;EUR;0
01.10.2020;150,520;151,900;150,520;151,900;EUR;16
02.10.2020;151,820;151,820;151,820;151,820;EUR;0
05.10.2020;150,740;150,740;150,740;150,740;EUR;0
06.10.2020;151,360;151,360;151,360;151,360;EUR;0
07.10.2020;150,100;150,100;150,100;150,100;EUR;0
08.10.2020;149,860;149,860;149,860;149,860;EUR;0
09.10.2020;151,400;151,400;151,400;151,400;EUR;0
12.10.2020;152,560;152,560;152,560;152,560;EUR;0
13.10.2020;151,670;151,670;151,670;151,670;EUR;0
14.10.2020;150,720;150,720;150,720;150,720;EUR;0
15.10.2020;150,720;150,720;150,720;150,720;EUR;0
16.10.2020;151,980;151,980;151,980;151,980;EUR;0
19.10.2020;152,170;152,170;152,170;152,170;EUR;0
20.10.2020;150,790;150,790;150,790;150,790;EUR;0
21.10.2020;151,010;152,070;151,010;152,070;EUR;66
22.10.2020;150,880;150,880;150,880;150,880;EUR;0
23.10.2020;150,730;150,730;150,730;150,730;EUR;0
26.10.2020;149,760;149,760;149,760;149,760;EUR;0
27.10.2020;150,670;150,670;150,670;150,670;EUR;0
28.10.2020;151,300;151,300;151,300;151,300;EUR;0
29.10.2020;149,640;149,640;149,640;149,640;EUR;0
30.10.2020;149,480;149,480;149,480;149,480;EUR;0
02.11.2020;151,100;151,100;151,100;151,100;EUR;0
03.11.2020;151,650;151,650;151,650;151,650;EUR;0
04.11.2020;152,340;152,340;152,340;152,340;EUR;0
05.11.2020;151,990;151,990;151,990;151,990;EUR;0
06.11.2020;153,270;153,270;153,270;153,270;EUR;0
09.11.2020;153,720;153,720;153,720;153,720;EUR;0
10.11.2020;149,030;149,030;149,030;149,030;EUR;0
11.11.2020;148,450;148,450;148,450;148,450;EUR;0
12.11.2020;148,360;148,360;148,360;148,360;EUR;0
13.11.2020;148,580;148,580;148,580;148,580;EUR;0
16.11.2020;148,850;148,850;148,850;148,850;EUR;0
17.11.2020;148,720;148,720;148,720;148,720;EUR;0
18.11.2020;147,840;147,840;147,840;147,840;EUR;0
19.11.2020;146,790;147,420;146,790;147,420;EUR;300
20.11.2020;146,660;146,660;146,660;146,660;EUR;0
23.11.2020;147,230;147,230;147,230;147,230;EUR;0
24.11.2020;144,150;144,150;144,150;144,150;EUR;0
25.11.2020;141,660;141,660;141,660;141,660;EUR;0
26.11.2020;141,740;141,740;141,740;141,740;EUR;0
27.11.2020;141,610;141,610;141,610;141,610;EUR;0
30.11.2020;140,150;140,150;140,150;140,150;EUR;40
01.12.2020;139,450;139,450;139,450;139,450;EUR;0
02.12.2020;140,230;140,230;140,230;140,230;EUR;0
03.12.2020;141,200;141,200;141,200;141,200;EUR;0
04.12.2020;141,660;141,660;141,660;141,660;EUR;0
07.12.2020;141,650;141,650;141,650;141,650;EUR;0
08.12.2020;143,870;143,870;143,870;143,870;EUR;0
09.12.2020;143,040;143,040;143,040;143,040;EUR;0
10.12.2020;141,760;141,760;141,760;141,760;EUR;0
11.12.2020;140,960;140,960;140,960;140,960;EUR;0
14.12.2020;140,910;140,910;140,910;140,910;EUR;0
15.12.2020;141,350;141,350;141,350;141,350;EUR;0
16.12.2020;142,510;142,510;142,510;142,510;EUR;0
17.12.2020;142,680;142,680;142,680;142,680;EUR;0
18.12.2020;143,420;143,420;143,420;143,420;EUR;0
21.12.2020;145,360;145,360;145,360;145,360;EUR;0
22.12.2020;142,890;142,890;142,890;142,890;EUR;0
23.12.2020;142,950;142,950;142,950;142,950;EUR;0
28.12.2020;144,980;144,980;144,980;144,980;EUR;0
29.12.2020;143,860;143,860;143,860;143,860;EUR;0
30.12.2020;143,080;143,330;143,080;143,330;EUR;0
04.01.2021;150,110;150,110;150,110;150,110;EUR;0
05.01.2021;147,650;147,650;147,650;147,650;EUR;0
06.01.2021;147,320;147,320;147,320;147,320;EUR;0
07.01.2021;145,900;145,900;145,900;145,900;EUR;0
08.01.2021;145,120;145,120;145,120;145,120;EUR;0
11.01.2021;141,240;141,240;141,240;141,240;EUR;0
12.01.2021;142,740;142,740;142,740;142,740;EUR;0
13.01.2021;141,980;141,980;141,980;141,980;EUR;0
14.01.2021;141,350;141,350;141,350;141,350;EUR;0
15.01.2021;142,180;142,180;142,180;142,180;EUR;0
18.01.2021;141,930;141,930;141,930;141,930;EUR;0
19.01.2021;141,890;141,890;141,890;141,890;EUR;0
20.01.2021;142,270;142,270;142,270;142,270;EUR;0
21.01.2021;144,190;144,190;144,190;144,190;EUR;0
22.01.2021;142,800;142,800;142,800;142,800;EUR;0
25.01.2021;141,810;141,810;141,810;141,810;EUR;0
26.01.2021;142,700;142,700;142,700;142,700;EUR;0
27.01.2021;141,850;141,850;141,850;141,850;EUR;0
28.01.2021;141,620;141,620;141,620;141,620;EUR;0
29.01.2021;142,560;143,940;142,560;143,940;EUR;10
01.02.2021;143,190;143,190;143,190;143,190;EUR;0
02.02.2021;143,300;143,300;143,300;143,300;EUR;0
03.02.2021;142,470;142,470;142,470;142,470;EUR;0
04.02.2021;141,620;141,620;141,620;141,620;EUR;0
05.02.2021;140,080;140,080;140,080;140,080;EUR;0
08.02.2021;140,690;140,690;140,690;140,690;EUR;0
09.02.2021;142,130;142,130;142,130;142,130;EUR;0
10.02.2021;141,780;141,780;141,780;141,780;EUR;0
11.02.2021;141,690;141,690;141,690;141,690;EUR;0
12.02.2021;139,940;139,940;139,940;139,940;EUR;0
15.02.2021;139,780;139,780;139,780;139,780;EUR;0
16.02.2021;140,070;140,070;140,070;140,070;EUR;0
17.02.2021;138,320;138,320;138,320;138,320;EUR;0
18.02.2021;137,990;137,990;137,990;137,990;EUR;0
19.02.2021;136,580;136,580;136,580;136,580;EUR;0
22.02.2021;137,990;137,990;137,990;137,990;EUR;0
23.02.2021;138,870;138,870;138,870;138,870;EUR;0
24.02.2021;138,690;138,690;138,690;138,690;EUR;0
25.02.2021;137,450;137,450;137,450;137,450;EUR;0
26.02.2021;135,370;135,370;135,370;135,370;EUR;0
01.03.2021;135,260;135,260;135,260;135,260;EUR;0
02.03.2021;133,490;133,490;133,490;133,490;EUR;0
03.03.2021;133,740;133,740;133,740;133,740;EUR;0
04.03.2021;132,730;132,730;132,730;132,730;EUR;0
05.03.2021;132,400;132,400;132,400;132,400;EUR;0
08.03.2021;133,600;133,600;133,600;133,600;EUR;0
09.03.2021;133,160;133,160;133,160;133,160;EUR;0
10.03.2021;134,670;134,670;134,670;134,670;EUR;0
11.03.2021;135,370;135,370;135,370;135,370;EUR;0
12.03.2021;133,590;133,590;133,590;133,590;EUR;0
15.03.2021;134,660;134,660;134,660;134,660;EUR;0
16.03.2021;135,290;135,290;135,290;135,290;EUR;0
17.03.2021;136,010;136,010;136,010;136,010;EUR;0
18.03.2021;136,310;136,310;136,310;136,310;EUR;0
19.03.2021;136,100;136,100;136,100;136,100;EUR;0
22.03.2021;135,700;135,700;135,700;135,700;EUR;0
23.03.2021;135,920;135,920;135,920;135,920;EUR;0
24.03.2021;136,200;136,200;136,200;136,200;EUR;0
25.03.2021;136,780;136,780;136,780;136,780;EUR;0
26.03.2021;136,780;136,780;136,780;136,780;EUR;0
29.03.2021;136,860;136,860;136,860;136,860;EUR;0
30.03.2021;135,130;135,130;135,130;135,130;EUR;0
31.03.2021;134,020;134,020;134,020;134,020;EUR;0
01.04.2021;136,330;136,330;136,330;136,330;EUR;0
06.04.2021;137,220;137,220;137,220;137,220;EUR;0
07.04.2021;136,460;136,460;136,460;136,460;EUR;0
08.04.2021;136,850;136,850;136,850;136,850;EUR;0
09.04.2021;137,120;137,120;137,120;137,120;EUR;0
12.04.2021;136,320;136,320;136,320;136,320;EUR;0
13.04.2021;135,380;135,380;135,380;135,380;EUR;0
14.04.2021;135,930;135,930;135,930;135,930;EUR;0
15.04.2021;135,590;135,590;135,590;135,590;EUR;0
16.04.2021;137,490;137,490;137,490;137,490;EUR;0
19.04.2021;138,380;138,380;138,380;138,380;EUR;0
20.04.2021;136,910;136,910;136,910;136,910;EUR;0
21.04.2021;138,250;138,250;138,250;138,250;EUR;0
22.04.2021;138,740;138,740;138,740;138,740;EUR;0
23.04.2021;138,290;138,290;138,290;138,290;EUR;0
26.04.2021;137,000;137,000;137,000;137,000;EUR;0
27.04.2021;137,500;137,500;137,500;137,500;EUR;0
28.04.2021;136,540;136,540;136,540;136,540;EUR;0
29.04.2021;137,080;137,080;137,080;137,080;EUR;0
30.04.2021;136,060;136,060;136,060;136,060;EUR;0
03.05.2021;137,520;137,520;137,520;137,520;EUR;0
04.05.2021;138,400;138,400;138,400;138,400;EUR;0
05.05.2021;137,970;137,970;137,970;137,970;EUR;0
06.05.2021;139,080;139,080;139,080;139,080;EUR;0
07.05.2021;140,550;140,550;140,550;140,550;EUR;0
10.05.2021;140,990;140,990;140,990;140,990;EUR;0
11.05.2021;141,000;141,000;141,000;141,000;EUR;0
12.05.2021;140,670;140,670;140,670;140,670;EUR;0
13.05.2021;140,270;140,270;140,270;140,270;EUR;0
14.05.2021;140,740;140,740;140,740;140,740;EUR;0
17.05.2021;142,430;142,430;142,430;142,430;EUR;0
18.05.2021;143,300;143,300;143,300;143,300;EUR;0
19.05.2021;142,600;142,600;142,600;142,600;EUR;0
20.05.2021;143,300;143,300;143,300;143,300;EUR;0
21.05.2021;142,890;142,890;142,890;142,890;EUR;0
25.05.2021;142,940;142,940;142,940;142,940;EUR;0
26.05.2021;144,710;144,710;144,710;144,710;EUR;0
27.05.2021;145,290;145,290;145,290;145,290;EUR;0
28.05.2021;144,700;144,700;144,700;144,700;EUR;0
31.05.2021;145,670;146,140;145,670;146,140;EUR;615
01.06.2021;145,780;145,780;145,780;145,780;EUR;0
02.06.2021;144,650;144,650;144,650;144,650;EUR;0
03.06.2021;145,270;145,270;145,270;145,270;EUR;0
04.06.2021;143,730;143,730;143,730;143,730;EUR;0
07.06.2021;144,900;144,900;144,900;144,900;EUR;0
08.06.2021;144,980;144,980;144,980;144,980;EUR;0
09.06.2021;144,820;144,820;144,820;144,820;EUR;0
10.06.2021;144,250;144,250;144,250;144,250;EUR;0
11.06.2021;145,230;145,230;145,230;145,230;EUR;0
14.06.2021;143,440;143,440;143,440;143,440;EUR;0
15.06.2021;143,330;143,330;143,330;143,330;EUR;0
16.06.2021;142,870;142,870;142,870;142,870;EUR;0
17.06.2021;140,990;140,990;140,990;140,990;EUR;0
18.06.2021;139,650;139,650;139,650;139,650;EUR;0
21.06.2021;139,110;139,110;139,110;139,110;EUR;0
22.06.2021;139,470;139,470;139,470;139,470;EUR;0
23.06.2021;139,110;139,110;139,110;139,110;EUR;0
24.06.2021;138,710;138,710;138,710;138,710;EUR;0
25.06.2021;138,870;138,870;138,870;138,870;EUR;0
28.06.2021;139,450;139,450;139,450;139,450;EUR;0
29.06.2021;138,880;138,880;138,880;138,880;EUR;0
30.06.2021;137,540;137,540;137,540;137,540;EUR;0
01.07.2021;139,760;139,760;139,760;139,760;EUR;0
02.07.2021;139,550;139,550;139,550;139,550;EUR;0
05.07.2021;140,300;140,300;140,300;140,300;EUR;0
06.07.2021;141,390;141,390;141,390;141,390;EUR;0
07.07.2021;141,820;141,820;141,820;141,820;EUR;0
08.07.2021;141,830;141,830;141,830;141,830;EUR;0
09.07.2021;141,700;141,700;141,700;141,700;EUR;0
12.07.2021;141,410;141,410;141,410;141,410;EUR;0
13.07.2021;141,860;141,860;141,860;141,860;EUR;0
14.07.2021;143,170;143,170;143,170;143,170;EUR;0
15.07.2021;143,840;143,840;143,840;143,840;EUR;0
16.07.2021;143,870;143,870;143,870;143,870;EUR;0
19.07.2021;142,910;142,910;142,910;142,910;EUR;0
20.07.2021;143,480;143,480;143,480;143,480;EUR;0
21.07.2021;143,090;143,090;143,090;143,090;EUR;0
22.07.2021;142,010;142,010;142,010;142,010;EUR;0
23.07.2021;142,640;142,640;142,640;142,640;EUR;0
26.07.2021;142,880;142,880;142,880;142,880;EUR;0
27.07.2021;141,730;141,730;141,730;141,730;EUR;0
28.07.2021;142,260;142,260;142,260;142,260;EUR;0
29.07.2021;142,640;142,640;142,640;142,640;EUR;0
30.07.2021;143,310;143,310;143,310;143,310;EUR;0
02.08.2021;142,070;142,070;142,070;142,070;EUR;0
03.08.2021;141,980;141,980;141,980;141,980;EUR;0
04.08.2021;142,240;142,240;142,240;142,240;EUR;0
05.08.2021;142,290;142,290;142,290;142,290;EUR;0
06.08.2021;141,730;141,730;141,730;141,730;EUR;0
09.08.2021;137,940;137,940;137,940;137,940;EUR;0
10.08.2021;137,480;137,480;137,480;137,480;EUR;0
11.08.2021;137,770;137,770;137,770;137,770;EUR;0
12.08.2021;138,830;138,830;138,830;138,830;EUR;0
13.08.2021;139,250;139,250;139,250;139,250;EUR;0
16.08.2021;140,090;140,090;140,090;140,090;EUR;0
17.08.2021;141,710;141,710;141,710;141,710;EUR;0
18.08.2021;142,280;142,280;142,280;142,280;EUR;0
19.08.2021;141,880;141,880;141,880;141,880;EUR;0
20.08.2021;142,220;142,220;142,220;142,220;EUR;0
23.08.2021;141,910;141,910;141,910;141,910;EUR;0
24.08.2021;142,960;142,960;142,960;142,960;EUR;0
25.08.2021;142,250;142,250;142,250;142,250;EUR;0
26.08.2021;141,280;141,280;141,280;141,280;EUR;0
27.08.2021;142,630;142,630;142,630;142,630;EUR;0
30.08.2021;143,540;143,540;143,540;143,540;EUR;0
31.08.2021;142,990;142,990;142,990;142,990;EUR;0
01.09.2021;143,200;143,200;143,200;143,200;EUR;0
02.09.2021;142,540;142,540;142,540;142,540;EUR;0
03.09.2021;142,000;142,000;142,000;142,000;EUR;0
06.09.2021;143,290;143,290;143,290;143,290;EUR;0
07.09.2021;142,510;142,510;142,510;142,510;EUR;0
08.09.2021;141,210;141,210;141,210;141,210;EUR;0
09.09.2021;140,830;140,830;140,830;140,830;EUR;0
10.09.2021;141,810;141,810;141,810;141,810;EUR;0
13.09.2021;141,510;141,510;141,510;141,510;EUR;0
14.09.2021;141,290;141,290;141,290;141,290;EUR;0
15.09.2021;142,080;142,080;142,080;142,080;EUR;0
16.09.2021;140,840;140,840;140,840;140,840;EUR;0
17.09.2021;139,390;139,390;139,390;139,390;EUR;0
20.09.2021;139,010;139,010;139,010;139,010;EUR;0
21.09.2021;139,760;139,760;139,760;139,760;EUR;0
22.09.2021;141,170;141,170;141,170;141,170;EUR;0
23.09.2021;140,290;140,290;140,290;140,290;EUR;0
24.09.2021;139,160;139,160;139,160;139,160;EUR;0
27.09.2021;139,630;139,630;139,630;139,630;EUR;0
28.09.2021;138,960;138,960;138,960;138,960;EUR;0
29.09.2021;138,460;138,460;138,460;138,460;EUR;0
30.09.2021;138,910;138,910;138,910;138,910;EUR;0
01.10.2021;140,780;140,780;140,780;140,780;EUR;0
04.10.2021;141,280;141,280;141,280;141,280;EUR;0
05.10.2021;141,050;141,050;141,050;141,050;EUR;0
06.10.2021;140,680;142,960;140,680;142,960;EUR;350
07.10.2021;141,490;142,350;141,490;142,350;EUR;20
08.10.2021;141,640;141,640;141,640;141,640;EUR;0
11.10.2021;141,200;141,200;141,200;141,200;EUR;0
12.10.2021;141,750;141,750;141,750;141,750;EUR;0
13.10.2021;141,950;141,950;141,950;141,950;EUR;0
14.10.2021;143,780;143,780;143,780;143,780;EUR;0
15.10.2021;143,700;143,700;143,700;143,700;EUR;0
18.10.2021;142,060;142,080;142,060;142,080;EUR;990
19.10.2021;141,890;141,890;141,890;141,890;EUR;0
20.10.2021;141,910;143,570;141,910;143,570;EUR;25
21.10.2021;142,510;142,510;142,510;142,510;EUR;0
22.10.2021;142,960;142,960;142,960;142,960;EUR;0
25.10.2021;143,650;143,650;143,650;143,650;EUR;0
26.10.2021;144,690;144,690;144,690;144,690;EUR;0
27.10.2021;143,240;143,240;143,240;143,240;EUR;0
28.10.2021;144,490;144,490;144,490;144,490;EUR;0
29.10.2021;143,180;143,180;143,180;143,180;EUR;0
01.11.2021;143,480;143,480;143,480;143,480;EUR;0
02.11.2021;143,790;143,790;143,790;143,790;EUR;0
03.11.2021;142,980;142,980;142,980;142,980;EUR;0
04.11.2021;142,410;142,410;142,410;142,410;EUR;0
05.11.2021;144,610;144,610;144,610;144,610;EUR;0
08.11.2021;146,100;146,100;146,100;146,100;EUR;0
09.11.2021;146,240;146,880;146,240;146,880;EUR;25
10.11.2021;146,670;146,670;146,670;146,670;EUR;0
11.11.2021;150,130;150,130;150,130;150,130;EUR;0
12.11.2021;150,960;150,960;150,960;150,960;EUR;0
15.11.2021;150,720;150,720;150,720;150,720;EUR;0
16.11.2021;152,400;152,400;152,400;152,400;EUR;0
17.11.2021;152,590;152,590;152,590;152,590;EUR;0
18.11.2021;153,130;153,130;153,130;153,130;EUR;0
19.11.2021;152,160;152,160;152,160;152,160;EUR;0
22.11.2021;152,070;152,070;152,070;152,070;EUR;0
23.11.2021;149,230;149,230;148,890;148,890;EUR;250
24.11.2021;148,310;148,310;148,310;148,310;EUR;0
25.11.2021;148,690;148,690;148,690;148,690;EUR;0
26.11.2021;149,130;149,130;149,130;149,130;EUR;0
29.11.2021;148,040;148,040;148,040;148,040;EUR;0
30.11.2021;147,260;147,260;147,260;147,260;EUR;0
01.12.2021;146,540;146,540;146,540;146,540;EUR;0
02.12.2021;146,000;146,000;146,000;146,000;EUR;0
03.12.2021;145,980;145,980;145,980;145,980;EUR;0
06.12.2021;147,090;147,090;147,090;147,090;EUR;0
07.12.2021;146,770;146,770;146,770;146,770;EUR;0
08.12.2021;147,260;147,260;147,260;147,260;EUR;0
09.12.2021;146,390;146,390;146,390;146,390;EUR;0
10.12.2021;145,960;145,960;145,960;145,960;EUR;0
13.12.2021;147,620;147,620;147,620;147,620;EUR;0
14.12.2021;147,390;147,390;147,390;147,390;EUR;0
15.12.2021;145,810;145,810;145,810;145,810;EUR;0
16.12.2021;146,940;146,940;146,940;146,940;EUR;0
17.12.2021;148,200;148,200;148,200;148,200;EUR;0
20.12.2021;148,820;148,820;148,820;148,820;EUR;0
21.12.2021;147,610;147,610;147,610;147,610;EUR;0
22.12.2021;147,460;147,460;147,460;147,460;EUR;0
23.12.2021;148,100;148,100;148,100;148,100;EUR;0
27.12.2021;148,600;148,600;148,600;148,600;EUR;0
28.12.2021;149,000;149,000;149,000;149,000;EUR;0
29.12.2021;148,530;148,530;148,530;148,530;EUR;0
30.12.2021;147,680;148,380;147,680;148,380;EUR;0
03.01.2022;149,490;149,490;149,490;149,490;EUR;0
04.01.2022;148,440;148,440;148,440;148,440;EUR;0
05.01.2022;149,200;150,100;149,200;150,100;EUR;50
06.01.2022;148,200;148,200;148,200;148,200;EUR;0
07.01.2022;147,250;147,730;147,250;147,730;EUR;1
10.01.2022;147,050;147,050;147,050;147,050;EUR;0
11.01.2022;148,180;148,180;148,180;148,180;EUR;0
12.01.2022;148,840;148,840;148,840;148,840;EUR;0
13.01.2022;148,280;148,280;148,280;148,280;EUR;0
14.01.2022;148,030;148,030;148,030;148,030;EUR;0
17.01.2022;148,130;148,130;148,130;148,130;EUR;0
18.01.2022;148,140;148,140;148,140;148,140;EUR;0
19.01.2022;148,720;152,100;148,720;152,100;EUR;1
20.01.2022;150,700;150,700;150,700;150,700;EUR;0
21.01.2022;151,010;151,010;151,010;151,010;EUR;0
24.01.2022;150,810;150,810;150,810;150,810;EUR;0
25.01.2022;151,380;151,380;151,380;151,380;EUR;0
26.01.2022;151,940;151,940;151,940;151,940;EUR;0
27.01.2022;149,990;149,990;149,990;149,990;EUR;0
28.01.2022;149,830;149,830;149,830;149,830;EUR;0
31.01.2022;148,680;148,680;148,680;148,680;EUR;0
01.02.2022;149,020;149,020;149,020;149,020;EUR;0
02.02.2022;148,200;148,200;148,200;148,200;EUR;0
03.02.2022;148,620;148,620;148,620;148,620;EUR;0
04.02.2022;146,550;146,550;146,550;146,550;EUR;0
07.02.2022;147,110;148,250;147,110;148,250;EUR;20
08.02.2022;148,030;148,030;148,030;148,030;EUR;0
09.02.2022;148,770;148,770;148,770;148,770;EUR;0
10.02.2022;149,210;149,210;149,210;149,210;EUR;0
11.02.2022;148,800;148,800;148,800;148,800;EUR;0
14.02.2022;151,740;151,740;151,740;151,740;EUR;0
15.02.2022;154,140;154,140;154,140;154,140;EUR;0
16.02.2022;151,640;151,640;151,640;151,640;EUR;0
17.02.2022;153,390;153,390;153,390;153,390;EUR;0
18.02.2022;154,580;154,580;154,580;154,580;EUR;0
21.02.2022;154,240;154,240;154,240;154,240;EUR;0
22.02.2022;157,000;157,000;157,000;157,000;EUR;0
23.02.2022;155,170;155,170;155,170;155,170;EUR;0
24.02.2022;160,410;161,560;157,920;157,920;EUR;30
25.02.2022;159,170;159,170;159,170;159,170;EUR;0
28.02.2022;158,510;158,510;158,510;158,510;EUR;0
01.03.2022;158,050;158,050;158,050;158,050;EUR;0
02.03.2022;162,190;162,190;162,190;162,190;EUR;0
03.03.2022;161,290;161,290;161,290;161,290;EUR;0
04.03.2022;163,430;163,430;163,430;163,430;EUR;0
07.03.2022;169,280;169,280;168,570;168,570;EUR;4
08.03.2022;172,490;172,490;172,490;172,490;EUR;0
09.03.2022;174,410;174,410;174,410;174,410;EUR;0
10.03.2022;166,460;166,460;166,460;166,460;EUR;0
11.03.2022;167,660;167,660;167,660;167,660;EUR;0
14.03.2022;168,100;168,100;168,100;168,100;EUR;0
15.03.2022;163,330;163,330;163,330;163,330;EUR;0
16.03.2022;162,040;162,040;162,040;162,040;EUR;0
17.03.2022;162,630;162,630;162,630;162,630;EUR;0
18.03.2022;161,960;161,960;161,960;161,960;EUR;0
21.03.2022;161,910;161,910;161,910;161,910;EUR;0
22.03.2022;163,790;163,790;163,790;163,790;EUR;0
23.03.2022;161,490;161,490;161,490;161,490;EUR;0
24.03.2022;164,150;164,150;164,150;164,150;EUR;0
25.03.2022;164,730;164,730;164,730;164,730;EUR;0
28.03.2022;164,060;164,060;164,060;164,060;EUR;0
29.03.2022;162,520;162,520;162,520;162,520;EUR;0
30.03.2022;160,740;160,740;160,740;160,740;EUR;0
31.03.2022;159,960;159,960;159,960;159,960;EUR;0
01.04.2022;162,460;162,460;162,460;162,460;EUR;0
04.04.2022;161,090;161,090;161,090;161,090;EUR;0
05.04.2022;163,490;163,490;163,490;163,490;EUR;0
06.04.2022;163,920;163,920;163,920;163,920;EUR;0
07.04.2022;163,580;163,580;163,580;163,580;EUR;0
08.04.2022;165,130;165,130;165,130;165,130;EUR;0
11.04.2022;165,880;167,950;165,880;167,950;EUR;10
12.04.2022;167,130;167,130;167,130;167,130;EUR;0
13.04.2022;168,810;168,810;168,810;168,810;EUR;0
14.04.2022;167,820;167,820;167,820;167,820;EUR;0
19.04.2022;170,170;170,170;170,170;170,170;EUR;0
20.04.2022;166,750;166,750;166,750;166,750;EUR;0
21.04.2022;167,140;167,140;167,140;167,140;EUR;0
22.04.2022;167,270;167,270;167,270;167,270;EUR;0
25.04.2022;165,170;165,170;165,170;165,170;EUR;48
26.04.2022;164,800;164,800;164,800;164,800;EUR;0
27.04.2022;165,480;165,480;165,480;165,480;EUR;0
28.04.2022;165,710;165,710;165,710;165,710;EUR;0
29.04.2022;168,020;168,020;168,020;168,020;EUR;0
02.05.2022;166,470;166,470;166,470;166,470;EUR;0
03.05.2022;164,330;164,330;164,330;164,330;EUR;0
04.05.2022;164,540;164,540;164,540;164,540;EUR;0
05.05.2022;166,160;166,160;166,160;166,160;EUR;0
06.05.2022;165,360;165,360;165,360;165,360;EUR;0
09.05.2022;165,350;165,350;165,350;165,350;EUR;0
10.05.2022;163,490;163,490;163,490;163,490;EUR;0
11.05.2022;161,860;161,860;161,860;161,860;EUR;0
12.05.2022;163,450;163,450;163,450;163,450;EUR;0
13.05.2022;163,020;163,020;163,020;163,020;EUR;0
16.05.2022;161,400;161,400;161,400;161,400;EUR;0
17.05.2022;162,400;162,400;162,400;162,400;EUR;0
18.05.2022;159,540;159,540;159,540;159,540;EUR;0
19.05.2022;160,450;160,450;160,450;160,450;EUR;0
20.05.2022;161,720;161,720;161,720;161,720;EUR;0
23.05.2022;162,590;162,590;162,590;162,590;EUR;0
24.05.2022;161,170;161,170;161,170;161,170;EUR;0
25.05.2022;161,260;161,260;161,260;161,260;EUR;0
26.05.2022;160,360;160,360;160,360;160,360;EUR;0
27.05.2022;160,060;160,060;160,060;160,060;EUR;0
30.05.2022;160,700;160,700;160,700;160,700;EUR;0
31.05.2022;160,020;160,020;160,020;160,020;EUR;0
01.06.2022;158,720;158,720;158,720;158,720;EUR;0
02.06.2022;160,870;160,870;160,870;160,870;EUR;0
03.06.2022;161,180;161,180;161,180;161,180;EUR;0
06.06.2022;160,420;160,420;160,420;160,420;EUR;0
07.06.2022;159,810;159,810;159,810;159,810;EUR;0
08.06.2022;160,600;160,600;160,600;160,600;EUR;0
09.06.2022;160,220;160,220;160,220;160,220;EUR;0
10.06.2022;160,240;160,240;160,240;160,240;EUR;0
13.06.2022;165,030;165,030;165,030;165,030;EUR;0
14.06.2022;162,440;162,440;162,440;162,440;EUR;0
15.06.2022;161,100;161,100;161,100;161,100;EUR;0
16.06.2022;162,940;162,940;162,940;162,940;EUR;0
17.06.2022;162,740;162,740;162,740;162,740;EUR;0
20.06.2022;162,400;162,400;162,400;162,400;EUR;0
21.06.2022;161,790;161,790;161,790;161,790;EUR;0
22.06.2022;161,360;161,360;161,360;161,360;EUR;0
23.06.2022;161,020;161,020;161,020;161,020;EUR;0
24.06.2022;160,620;161,890;160,620;161,890;EUR;50
27.06.2022;161,210;161,210;161,210;161,210;EUR;0
28.06.2022;160,140;160,140;160,140;160,140;EUR;0
29.06.2022;160,860;160,860;160,860;160,860;EUR;0
30.06.2022;161,040;161,040;161,040;161,040;EUR;0
01.07.2022;159,370;159,370;159,370;159,370;EUR;0
04.07.2022;161,110;161,110;161,110;161,110;EUR;0
05.07.2022;160,660;160,660;160,660;160,660;EUR;0
06.07.2022;159,710;159,710;159,710;159,710;EUR;0
07.07.2022;158,540;158,540;158,540;158,540;EUR;0
08.07.2022;159,140;159,140;159,140;159,140;EUR;0
11.07.2022;159,140;159,140;159,140;159,140;EUR;0
12.07.2022;160,120;160,120;160,120;160,120;EUR;0
13.07.2022;159,370;159,370;159,370;159,370;EUR;0
14.07.2022;159,950;159,950;159,950;159,950;EUR;0
15.07.2022;158,070;158,070;158,070;158,070;EUR;0
18.07.2022;157,720;157,720;157,720;157,720;EUR;0
19.07.2022;156,300;156,300;156,270;156,270;EUR;40
20.07.2022;154,760;154,760;154,760;154,760;EUR;0
21.07.2022;153,560;155,410;153,560;155,410;EUR;40
22.07.2022;156,210;156,210;156,210;156,210;EUR;0
25.07.2022;156,850;156,850;156,850;156,850;EUR;0
26.07.2022;156,290;156,290;156,290;156,290;EUR;0
27.07.2022;157,030;157,030;157,030;157,030;EUR;0
28.07.2022;157,340;157,340;157,340;157,340;EUR;0
29.07.2022;160,140;160,140;160,140;160,140;EUR;0
01.08.2022;159,650;159,650;159,650;159,650;EUR;0
02.08.2022;160,060;160,060;160,060;160,060;EUR;0
03.08.2022;161,210;161,210;161,210;161,210;EUR;0
04.08.2022;161,420;161,420;161,420;161,420;EUR;0
05.08.2022;162,360;162,360;162,360;162,360;EUR;0
08.08.2022;161,550;161,550;161,550;161,550;EUR;0
09.08.2022;162,550;162,550;162,550;162,550;EUR;0
10.08.2022;161,900;161,900;161,900;161,900;EUR;0
11.08.2022;161,100;161,100;161,100;161,100;EUR;0
12.08.2022;160,900;160,900;160,900;160,900;EUR;0
15.08.2022;162,240;162,240;162,240;162,240;EUR;0
16.08.2022;162,480;162,480;162,480;162,480;EUR;0
17.08.2022;162,190;162,190;162,190;162,190;EUR;0
18.08.2022;160,750;160,750;160,750;160,750;EUR;0
19.08.2022;161,430;161,430;161,430;161,430;EUR;0
22.08.2022;161,080;161,080;161,080;161,080;EUR;0
23.08.2022;162,330;162,330;162,330;162,330;EUR;0
24.08.2022;162,720;163,720;162,720;163,720;EUR;15
25.08.2022;162,990;162,990;162,990;162,990;EUR;0
26.08.2022;163,520;163,520;163,520;163,520;EUR;0
29.08.2022;160,950;160,950;160,950;160,950;EUR;0
30.08.2022;160,780;160,780;160,780;160,780;EUR;0
31.08.2022;159,190;159,190;159,190;159,190;EUR;0
01.09.2022;157,930;157,930;157,930;157,930;EUR;0
02.09.2022;158,160;158,160;158,160;158,160;EUR;0
05.09.2022;160,480;160,480;160,480;160,480;EUR;0
06.09.2022;159,840;159,840;159,840;159,840;EUR;0
07.09.2022;158,850;158,850;158,850;158,850;EUR;0
08.09.2022;158,990;158,990;158,990;158,990;EUR;0
09.09.2022;158,290;158,290;158,290;158,290;EUR;0
12.09.2022;157,420;157,420;157,420;157,420;EUR;0
13.09.2022;157,340;157,340;157,340;157,340;EUR;0
14.09.2022;158,010;158,010;158,010;158,010;EUR;0
15.09.2022;157,110;157,110;157,110;157,110;EUR;0
16.09.2022;154,350;154,350;154,350;154,350;EUR;0
19.09.2022;154,800;154,800;154,800;154,800;EUR;0
20.09.2022;154,520;154,520;154,520;154,520;EUR;0
21.09.2022;155,090;155,090;155,090;155,090;EUR;0
22.09.2022;156,750;156,750;156,750;156,750;EUR;0
23.09.2022;157,550;157,550;157,550;157,550;EUR;0
26.09.2022;157,580;157,580;157,580;157,580;EUR;0
27.09.2022;157,020;157,020;157,020;157,020;EUR;0
28.09.2022;157,380;157,380;157,380;157,380;EUR;0
29.09.2022;157,700;157,700;157,700;157,700;EUR;0
30.09.2022;157,170;157,170;157,170;157,170;EUR;0
03.10.2022;158,000;158,000;158,000;158,000;EUR;0
04.10.2022;160,320;160,320;160,320;160,320;EUR;0
05.10.2022;159,850;159,850;159,850;159,850;EUR;0
06.10.2022;160,960;160,960;160,960;160,960;EUR;0
07.10.2022;162,000;162,000;162,000;162,000;EUR;0
10.10.2022;160,860;160,860;160,860;160,860;EUR;0
11.10.2022;159,520;159,520;159,520;159,520;EUR;0
12.10.2022;159,110;159,110;159,110;159,110;EUR;0
13.10.2022;159,460;159,460;159,460;159,460;EUR;0
14.10.2022;158,030;158,030;158,030;158,030;EUR;0
17.10.2022;157,070;157,070;157,070;157,070;EUR;0
18.10.2022;155,680;155,680;155,680;155,680;EUR;0
19.10.2022;155,000;155,000;155,000;155,000;EUR;0
20.10.2022;154,530;154,530;154,530;154,530;EUR;0
21.10.2022;153,630;153,630;153,630;153,630;EUR;0
24.10.2022;155,700;155,700;155,700;155,700;EUR;0
25.10.2022;154,710;154,710;154,710;154,710;EUR;0
26.10.2022;154,200;154,200;154,200;154,200;EUR;0
27.10.2022;153,090;153,090;153,090;153,090;EUR;0
28.10.2022;154,150;154,150;154,150;154,150;EUR;0
31.10.2022;152,950;152,950;152,950;152,950;EUR;0
01.11.2022;153,650;153,650;153,650;153,650;EUR;0
02.11.2022;154,780;154,780;154,780;154,780;EUR;0
03.11.2022;154,260;154,260;154,260;154,260;EUR;0
04.11.2022;156,100;156,100;156,100;156,100;EUR;0
07.11.2022;155,710;155,710;155,710;155,710;EUR;0
08.11.2022;154,700;154,700;154,700;154,700;EUR;0
09.11.2022;157,440;157,440;157,440;157,440;EUR;0
10.11.2022;157,860;157,860;157,860;157,860;EUR;0
11.11.2022;159,370;159,370;159,370;159,370;EUR;0
14.11.2022;157,990;157,990;157,990;157,990;EUR;0
15.11.2022;158,490;158,490;158,490;158,490;EUR;0
16.11.2022;158,270;158,270;158,270;158,270;EUR;0
17.11.2022;157,630;157,630;157,630;157,630;EUR;0
18.11.2022;157,470;157,470;157,470;157,470;EUR;0
21.11.2022;157,560;157,560;157,560;157,560;EUR;0
22.11.2022;157,340;157,340;157,340;157,340;EUR;0
23.11.2022;155,900;155,900;155,900;155,900;EUR;0
24.11.2022;155,910;155,910;155,910;155,910;EUR;0
25.11.2022;156,170;156,170;156,170;156,170;EUR;0
28.11.2022;156,450;156,450;156,450;156,450;EUR;0
29.11.2022;156,630;156,630;156,630;156,630;EUR;0
30.11.2022;157,040;157,040;157,040;157,040;EUR;0
01.12.2022;157,930;157,930;157,930;157,930;EUR;0
02.12.2022;158,290;158,290;158,290;158,290;EUR;0
06.12.2022;156,210;156,210;156,210;156,210;EUR;0
07.12.2022;157,010;157,010;157,010;157,010;EUR;0
08.12.2022;157,270;157,270;157,270;157,270;EUR;0
09.12.2022;157,210;157,210;157,210;157,210;EUR;0
12.12.2022;157,350;157,350;157,350;157,350;EUR;0
13.12.2022;156,710;156,710;156,710;156,710;EUR;0
14.12.2022;157,670;157,670;157,670;157,670;EUR;0
15.12.2022;156,010;156,010;156,010;156,010;EUR;0
16.12.2022;155,000;155,000;155,000;155,000;EUR;0
19.12.2022;156,200;156,200;156,200;156,200;EUR;0
20.12.2022;155,930;155,930;155,930;155,930;EUR;0
21.12.2022;158,710;158,710;158,710;158,710;EUR;0
22.12.2022;157,880;157,880;157,880;157,880;EUR;0
23.12.2022;156,490;156,490;156,490;156,490;EUR;0
27.12.2022;155,940;155,940;155,940;155,940;EUR;0
28.12.2022;157,680;157,680;157,680;157,680;EUR;0
29.12.2022;157,430;157,430;157,430;157,430;EUR;0
30.12.2022;157,650;158,250;157,650;158,250;EUR;0
02.01.2023;157,970;157,970;157,970;157,970;EUR;0
03.01.2023;159,990;159,990;159,990;159,990;EUR;0
04.01.2023;161,100;161,100;161,100;161,100;EUR;0
05.01.2023;161,930;161,930;161,930;161,930;EUR;0
06.01.2023;161,590;161,590;161,590;161,590;EUR;0
09.01.2023;162,710;162,710;162,710;162,710;EUR;0
10.01.2023;161,270;161,270;161,270;161,270;EUR;0
11.01.2023;161,800;161,800;161,800;161,800;EUR;0
12.01.2023;161,480;161,480;161,480;161,480;EUR;0
13.01.2023;162,030;162,030;162,030;162,030;EUR;0
16.01.2023;164,020;164,020;164,020;164,020;EUR;0
17.01.2023;164,210;164,210;164,210;164,210;EUR;0
18.01.2023;163,770;163,770;163,770;163,770;EUR;0
19.01.2023;163,260;163,260;163,260;163,260;EUR;0
20.01.2023;165,350;165,350;165,350;165,350;EUR;0
23.01.2023;163,640;163,640;163,640;163,640;EUR;0
24.01.2023;164,140;164,140;164,140;164,140;EUR;0
25.01.2023;164,490;164,490;164,490;164,490;EUR;0
26.01.2023;165,090;165,090;165,090;165,090;EUR;0
27.01.2023;164,090;164,260;164,090;164,260;EUR;85
30.01.2023;164,140;164,140;164,140;164,140;EUR;0
31.01.2023;164,130;164,130;164,130;164,130;EUR;0
01.02.2023;164,090;164,090;164,090;164,090;EUR;0
02.02.2023;164,070;164,070;164,070;164,070;EUR;0
03.02.2023;162,450;162,450;162,450;162,450;EUR;0
06.02.2023;159,760;159,760;159,760;159,760;EUR;0
07.02.2023;161,010;161,010;161,010;161,010;EUR;0
08.02.2023;161,800;161,800;161,800;161,800;EUR;0
09.02.2023;162,140;162,140;162,140;162,140;EUR;0
10.02.2023;160,340;160,340;160,340;160,340;EUR;0
13.02.2023;161,480;161,480;161,480;161,480;EUR;0
14.02.2023;160,460;160,460;160,460;160,460;EUR;0
15.02.2023;159,270;159,270;159,270;159,270;EUR;0
16.02.2023;158,780;158,780;158,780;158,780;EUR;0
17.02.2023;158,680;158,680;158,680;158,680;EUR;0
20.02.2023;159,570;159,570;159,570;159,570;EUR;0
21.02.2023;159,310;159,310;159,310;159,310;EUR;0
22.02.2023;159,330;159,330;159,330;159,330;EUR;0
23.02.2023;159,510;159,510;159,510;159,510;EUR;0
24.02.2023;159,270;159,270;159,270;159,270;EUR;0
28.02.2023;158,640;158,640;158,640;158,640;EUR;0
01.03.2023;158,850;158,850;158,850;158,850;EUR;0
02.03.2023;159,310;159,310;159,310;159,310;EUR;0
03.03.2023;160,570;162,260;160,570;162,260;EUR;2
06.03.2023;161,080;161,080;161,080;161,080;EUR;0
07.03.2023;159,990;159,990;159,990;159,990;EUR;0
08.03.2023;159,210;159,210;159,210;159,210;EUR;0
09.03.2023;158,980;158,980;158,980;158,980;EUR;0
10.03.2023;160,020;160,020;160,020;160,020;EUR;0
13.03.2023;161,730;161,730;161,730;161,730;EUR;0
14.03.2023;165,310;165,310;165,160;165,160;EUR;0
15.03.2023;163,770;163,770;163,770;163,770;EUR;0
16.03.2023;167,170;167,170;167,170;167,170;EUR;0
17.03.2023;167,720;167,720;167,720;167,720;EUR;0
20.03.2023;172,540;172,540;172,540;172,540;EUR;0
21.03.2023;170,490;170,490;170,490;170,490;EUR;0
22.03.2023;166,850;166,850;166,850;166,850;EUR;0
23.03.2023;167,680;167,680;167,680;167,680;EUR;0
24.03.2023;169,750;169,750;169,750;169,750;EUR;0
27.03.2023;169,240;169,240;169,240;169,240;EUR;0
28.03.2023;167,620;167,620;167,620;167,620;EUR;0
29.03.2023;167,620;167,620;167,620;167,620;EUR;0
30.03.2023;167,590;167,590;167,590;167,590;EUR;0
31.03.2023;168,030;168,030;168,030;168,030;EUR;0
03.04.2023;167,420;167,420;167,420;167,420;EUR;0
04.04.2023;168,110;168,110;168,110;168,110;EUR;0
05.04.2023;170,860;170,860;170,860;170,860;EUR;0
06.04.2023;171,060;171,060;171,060;171,060;EUR;0
11.04.2023;169,670;169,670;169,670;169,670;EUR;0
12.04.2023;170,710;170,710;170,710;170,710;EUR;0
13.04.2023;169,690;169,690;169,690;169,690;EUR;0
14.04.2023;170,570;170,570;170,570;170,570;EUR;0
17.04.2023;169,200;170,270;169,200;170,270;EUR;15
18.04.2023;169,030;169,030;169,030;169,030;EUR;0
19.04.2023;168,710;168,710;168,710;168,710;EUR;0
20.04.2023;168,370;168,370;168,370;168,370;EUR;0
21.04.2023;167,990;167,990;167,990;167,990;EUR;0
24.04.2023;166,660;166,660;166,660;166,660;EUR;0
25.04.2023;166,960;166,960;166,960;166,960;EUR;0
26.04.2023;167,940;167,940;166,760;166,760;EUR;20
27.04.2023;167,140;167,140;167,140;167,140;EUR;0
28.04.2023;166,640;166,640;166,640;166,640;EUR;0
02.05.2023;166,880;166,880;166,880;166,880;EUR;0
03.05.2023;169,070;169,070;169,070;169,070;EUR;0
04.05.2023;170,250;170,250;170,250;170,250;EUR;0
05.05.2023;171,400;171,400;171,400;171,400;EUR;0
08.05.2023;168,350;168,350;168,350;168,350;EUR;0
09.05.2023;170,390;170,390;170,390;170,390;EUR;0
10.05.2023;171,120;171,120;171,120;171,120;EUR;0
11.05.2023;171,150;171,150;171,150;171,150;EUR;0
12.05.2023;170,040;170,040;170,040;170,040;EUR;0
15.05.2023;171,570;171,570;171,570;171,570;EUR;0
16.05.2023;171,080;171,080;171,080;171,080;EUR;0
17.05.2023;169,320;169,320;169,320;169,320;EUR;0
18.05.2023;168,850;168,850;168,850;168,850;EUR;0
19.05.2023;168,450;168,450;168,450;168,450;EUR;0
22.05.2023;168,710;168,710;168,710;168,710;EUR;0
23.05.2023;167,700;167,700;167,700;167,700;EUR;0
24.05.2023;169,580;169,580;169,580;169,580;EUR;0
25.05.2023;168,290;168,290;168,290;168,290;EUR;0
26.05.2023;167,700;167,700;167,700;167,700;EUR;0
29.05.2023;167,600;167,600;167,600;167,600;EUR;0
30.05.2023;167,250;167,250;167,250;167,250;EUR;0
31.05.2023;169,750;169,750;169,750;169,750;EUR;0
01.06.2023;169,870;169,870;169,870;169,870;EUR;0
02.06.2023;169,930;169,930;169,930;169,930;EUR;0
05.06.2023;167,940;167,940;167,940;167,940;EUR;0
06.06.2023;168,880;168,880;168,880;168,880;EUR;0
07.06.2023;169,850;169,850;169,850;169,850;EUR;0
08.06.2023;167,520;167,520;167,520;167,520;EUR;0
09.06.2023;168,430;168,430;168,430;168,430;EUR;0
12.06.2023;168,350;168,350;168,350;168,350;EUR;0
13.06.2023;167,820;167,820;167,820;167,820;EUR;0
14.06.2023;166,880;166,880;166,880;166,880;EUR;0
15.06.2023;165,470;165,470;165,470;165,470;EUR;0
16.06.2023;164,970;164,970;164,970;164,970;EUR;0
19.06.2023;165,120;165,120;165,120;165,120;EUR;0
20.06.2023;165,350;165,350;165,350;165,350;EUR;0
21.06.2023;163,780;163,780;163,780;163,780;EUR;0
22.06.2023;162,350;162,350;162,350;162,350;EUR;0
23.06.2023;161,830;161,830;161,830;161,830;EUR;0
26.06.2023;163,240;163,240;163,240;163,240;EUR;0
27.06.2023;162,900;162,900;162,900;162,900;EUR;0
28.06.2023;161,560;161,560;161,560;161,560;EUR;0
29.06.2023;161,520;161,520;161,520;161,520;EUR;0
30.06.2023;162,080;162,080;162,080;162,080;EUR;0
03.07.2023;162,220;162,220;162,220;162,220;EUR;0
04.07.2023;163,140;163,140;163,140;163,140;EUR;0
05.07.2023;163,510;163,510;163,510;163,510;EUR;0
06.07.2023;163,350;163,350;163,350;163,350;EUR;0
07.07.2023;162,370;162,370;162,370;162,370;EUR;0
10.07.2023;162,010;162,010;162,010;162,010;EUR;0
11.07.2023;161,920;161,920;161,920;161,920;EUR;0
12.07.2023;162,450;162,450;162,450;162,450;EUR;0
13.07.2023;162,290;162,290;162,290;162,290;EUR;0
14.07.2023;161,220;161,220;161,220;161,220;EUR;0
17.07.2023;160,790;160,790;160,790;160,790;EUR;0
18.07.2023;160,900;160,900;160,900;160,900;EUR;0
19.07.2023;163,000;163,000;163,000;163,000;EUR;0
20.07.2023;163,210;163,210;163,210;163,210;EUR;0
21.07.2023;163,250;163,250;163,250;163,250;EUR;0
24.07.2023;162,660;162,660;162,660;162,660;EUR;0
25.07.2023;163,650;163,650;163,650;163,650;EUR;0
26.07.2023;163,660;163,660;163,660;163,660;EUR;0
27.07.2023;164,540;164,540;164,540;164,540;EUR;0
28.07.2023;164,160;164,160;164,160;164,160;EUR;0
31.07.2023;163,970;163,970;163,970;163,970;EUR;0
01.08.2023;164,490;164,490;164,490;164,490;EUR;0
02.08.2023;163,770;163,770;163,770;163,770;EUR;0
03.08.2023;163,400;163,400;163,400;163,400;EUR;0
04.08.2023;163,190;163,190;163,190;163,190;EUR;0
07.08.2023;162,810;162,810;162,810;162,810;EUR;0
08.08.2023;162,420;162,420;162,420;162,420;EUR;0
09.08.2023;161,820;161,820;161,820;161,820;EUR;0
10.08.2023;161,280;161,280;161,280;161,280;EUR;0
11.08.2023;160,890;160,890;160,890;160,890;EUR;0
14.08.2023;161,530;161,530;161,530;161,530;EUR;0
15.08.2023;161,180;161,180;161,180;161,180;EUR;0
16.08.2023;161,180;161,180;161,180;161,180;EUR;0
17.08.2023;160,780;160,780;160,780;160,780;EUR;0
18.08.2023;160,300;160,300;160,300;160,300;EUR;0
21.08.2023;160,320;160,320;160,320;160,320;EUR;0
22.08.2023;160,510;160,510;160,510;160,510;EUR;0
23.08.2023;161,740;161,740;161,740;161,740;EUR;0
24.08.2023;162,710;162,710;162,710;162,710;EUR;0
25.08.2023;163,670;163,670;163,670;163,670;EUR;0
28.08.2023;163,590;163,590;163,590;163,590;EUR;0
29.08.2023;164,240;164,240;164,240;164,240;EUR;0
30.08.2023;164,460;164,460;164,460;164,460;EUR;0
31.08.2023;164,520;164,520;164,520;164,520;EUR;0
01.09.2023;165,170;165,170;165,170;165,170;EUR;0
04.09.2023;166,460;166,780;166,460;166,780;EUR;50
05.09.2023;165,870;165,870;165,870;165,870;EUR;0
06.09.2023;165,850;165,850;165,850;165,850;EUR;0
07.09.2023;165,150;166,070;165,150;166,070;EUR;250
08.09.2023;165,780;165,780;165,780;165,780;EUR;0
11.09.2023;165,860;165,860;165,860;165,860;EUR;0
12.09.2023;165,080;165,080;165,080;165,080;EUR;0
13.09.2023;164,090;164,090;164,090;164,090;EUR;0
14.09.2023;163,900;163,900;163,900;163,900;EUR;0
15.09.2023;166,030;166,030;166,030;166,030;EUR;0
18.09.2023;166,970;166,970;166,970;166,970;EUR;0
19.09.2023;166,730;167,600;166,730;167,600;EUR;50
20.09.2023;166,900;166,900;166,900;166,900;EUR;0
21.09.2023;167,410;167,410;167,410;167,410;EUR;0
22.09.2023;166,820;166,820;166,820;166,820;EUR;0
25.09.2023;166,640;166,640;166,640;166,640;EUR;0
26.09.2023;166,820;166,820;166,820;166,820;EUR;0
27.09.2023;165,750;165,750;165,750;165,750;EUR;0
28.09.2023;164,910;164,910;164,910;164,910;EUR;0
29.09.2023;162,920;162,920;162,920;162,920;EUR;0
02.10.2023;160,730;160,730;160,730;160,730;EUR;0
03.10.2023;159,920;159,920;159,920;159,920;EUR;0
04.10.2023;160,540;160,540;160,540;160,540;EUR;0
05.10.2023;160,220;160,220;160,220;160,220;EUR;0
06.10.2023;159,550;159,550;159,550;159,550;EUR;0
09.10.2023;161,940;161,940;161,940;161,940;EUR;0
10.10.2023;162,610;162,610;162,610;162,610;EUR;0
11.10.2023;161,900;161,900;161,900;161,900;EUR;0
12.10.2023;163,240;163,240;163,240;163,240;EUR;0
13.10.2023;164,230;164,230;164,230;164,230;EUR;0
16.10.2023;167,840;167,840;167,840;167,840;EUR;0
17.10.2023;167,740;167,740;167,740;167,740;EUR;0
18.10.2023;168,770;168,770;168,770;168,770;EUR;0
19.10.2023;170,580;170,580;170,580;170,580;EUR;0
20.10.2023;172,570;172,570;172,570;172,570;EUR;0
23.10.2023;172,380;172,380;172,380;172,380;EUR;0
24.10.2023;170,730;170,730;170,730;170,730;EUR;0
25.10.2023;171,730;171,730;171,730;171,730;EUR;0
26.10.2023;173,890;173,890;173,890;173,890;EUR;0
27.10.2023;173,640;173,640;173,640;173,640;EUR;0
30.10.2023;174,270;174,270;173,960;173,960;EUR;30
31.10.2023;173,240;173,240;173,240;173,240;EUR;0
01.11.2023;172,810;172,810;172,810;172,810;EUR;0
02.11.2023;172,900;172,900;172,900;172,900;EUR;0
03.11.2023;172,540;172,540;172,540;172,540;EUR;0
06.11.2023;170,490;170,490;170,490;170,490;EUR;0
07.11.2023;169,930;169,930;169,930;169,930;EUR;0
08.11.2023;169,960;169,960;169,960;169,960;EUR;0
09.11.2023;167,920;167,920;167,920;167,920;EUR;0
10.11.2023;169,250;169,250;169,250;169,250;EUR;0
13.11.2023;167,340;167,340;167,340;167,340;EUR;0
14.11.2023;167,690;167,690;167,690;167,690;EUR;0
15.11.2023;167,170;167,170;167,170;167,170;EUR;0
16.11.2023;167,400;167,400;167,400;167,400;EUR;0
17.11.2023;168,650;168,650;168,650;168,650;EUR;0
20.11.2023;167,340;167,340;167,340;167,340;EUR;0
21.11.2023;167,580;167,580;167,580;167,580;EUR;0
22.11.2023;169,330;169,330;169,330;169,330;EUR;0
23.11.2023;168,870;168,870;168,870;168,870;EUR;0
24.11.2023;168,710;168,710;168,710;168,710;EUR;0
27.11.2023;169,320;169,320;169,320;169,320;EUR;0
28.11.2023;169,890;169,890;169,890;169,890;EUR;0
29.11.2023;171,490;171,490;171,490;171,490;EUR;0
30.11.2023;171,870;171,870;171,870;171,870;EUR;0
01.12.2023;172,540;172,540;172,540;172,540;EUR;0
04.12.2023;176,130;176,130;176,130;176,130;EUR;0
05.12.2023;173,190;173,190;173,190;173,190;EUR;0
06.12.2023;173,290;173,290;173,290;173,290;EUR;0
07.12.2023;174,030;174,030;174,030;174,030;EUR;0
08.12.2023;173,730;173,730;173,730;173,730;EUR;0
11.12.2023;171,180;171,180;171,180;171,180;EUR;0
12.12.2023;170,100;170,100;170,100;170,100;EUR;0
13.12.2023;168,850;168,850;168,850;168,850;EUR;0
14.12.2023;172,210;172,210;172,210;172,210;EUR;0
15.12.2023;170,890;170,890;170,890;170,890;EUR;0
18.12.2023;170,450;170,450;170,450;170,450;EUR;0
19.12.2023;170,910;170,910;170,910;170,910;EUR;0
20.12.2023;171,900;171,900;171,900;171,900;EUR;0
21.12.2023;171,600;171,600;171,600;171,600;EUR;0
22.12.2023;171,740;171,740;171,740;171,740;EUR;0
27.12.2023;172,440;172,440;172,440;172,440;EUR;0
28.12.2023;173,090;173,090;173,090;173,090;EUR;0
29.12.2023;172,590;172,650;172,590;172,650;EUR;0
02.01.2024;173,060;173,060;173,060;173,060;EUR;0
03.01.2024;173,570;173,570;173,570;173,570;EUR;0
04.01.2024;172,620;172,620;172,620;172,620;EUR;0
05.01.2024;172,340;172,340;172,340;172,340;EUR;0
08.01.2024;171,210;171,210;171,210;171,210;EUR;0
09.01.2024;171,200;171,200;171,200;171,200;EUR;0
10.01.2024;170,810;170,810;170,810;170,810;EUR;0
11.01.2024;170,710;170,710;170,710;170,710;EUR;0
12.01.2024;170,950;170,950;170,950;170,950;EUR;0
15.01.2024;172,780;172,780;172,780;172,780;EUR;0
16.01.2024;173,160;173,160;173,160;173,160;EUR;0
17.01.2024;171,310;171,310;171,310;171,310;EUR;0
18.01.2024;170,170;170,170;170,170;170,170;EUR;0
19.01.2024;171,480;171,480;171,480;171,480;EUR;0
22.01.2024;170,410;170,410;170,410;170,410;EUR;0
23.01.2024;171,920;171,920;171,920;171,920;EUR;0
24.01.2024;171,970;171,970;171,970;171,970;EUR;0
25.01.2024;170,630;170,630;170,630;170,630;EUR;0
26.01.2024;172,140;172,140;172,140;172,140;EUR;0
29.01.2024;172,450;172,450;172,450;172,450;EUR;0
30.01.2024;173,460;173,460;173,460;173,460;EUR;0
31.01.2024;173,340;173,340;173,340;173,340;EUR;0
01.02.2024;174,420;174,420;174,420;174,420;EUR;0
02.02.2024;174,110;174,110;174,110;174,110;EUR;0
05.02.2024;173,700;173,700;173,700;173,700;EUR;0
06.02.2024;173,700;173,700;173,700;173,700;EUR;0
07.02.2024;174,130;174,130;174,130;174,130;EUR;0
08.02.2024;173,760;173,760;173,760;173,760;EUR;0
09.02.2024;173,970;173,970;173,970;173,970;EUR;0
12.02.2024;172,880;172,880;172,880;172,880;EUR;0
13.02.2024;173,160;173,160;173,160;173,160;EUR;0
14.02.2024;171,400;171,400;171,400;171,400;EUR;0
15.02.2024;171,180;171,180;171,180;171,180;EUR;0
16.02.2024;171,570;171,570;171,570;171,570;EUR;0
19.02.2024;172,700;172,700;172,700;172,700;EUR;0
20.02.2024;172,590;172,590;172,590;172,590;EUR;0
21.02.2024;172,990;172,990;172,990;172,990;EUR;0
22.02.2024;172,530;172,530;172,530;172,530;EUR;0
23.02.2024;172,040;172,040;172,040;172,040;EUR;0
26.02.2024;173,100;173,100;173,100;173,100;EUR;18
27.02.2024;172,700;172,700;172,700;172,700;EUR;0
28.02.2024;172,630;172,630;172,630;172,630;EUR;0
29.02.2024;173,240;173,240;173,240;173,240;EUR;0
01.03.2024;174,450;174,450;174,450;174,450;EUR;0
04.03.2024;177,010;177,010;177,010;177,010;EUR;0
05.03.2024;179,840;179,840;179,840;179,840;EUR;0
06.03.2024;180,470;180,470;180,470;180,470;EUR;0
07.03.2024;182,220;182,220;182,220;182,220;EUR;0
08.03.2024;181,880;184,620;181,880;184,620;EUR;98
11.03.2024;183,500;183,500;183,500;183,500;EUR;0
12.03.2024;183,240;183,240;183,240;183,240;EUR;0
13.03.2024;182,100;182,100;182,100;182,100;EUR;0
14.03.2024;182,640;182,640;182,640;182,640;EUR;0
15.03.2024;183,700;183,700;183,700;183,700;EUR;0
18.03.2024;182,450;182,450;182,450;182,450;EUR;0
19.03.2024;182,820;182,820;182,820;182,820;EUR;0
20.03.2024;182,800;182,800;182,800;182,800;EUR;0
21.03.2024;185,930;185,930;185,930;185,930;EUR;0
22.03.2024;184,530;184,530;184,530;184,530;EUR;0
25.03.2024;184,050;185,820;184,050;185,190;EUR;56
26.03.2024;184,380;184,380;184,380;184,380;EUR;0
27.03.2024;185,250;185,250;185,250;185,250;EUR;0
28.03.2024;187,170;187,170;187,170;187,170;EUR;0
02.04.2024;193,530;193,530;193,530;193,530;EUR;0
03.04.2024;195,450;195,450;195,450;195,450;EUR;0
04.04.2024;195,050;195,050;195,050;195,050;EUR;0
05.04.2024;193,910;195,090;193,910;195,090;EUR;200
08.04.2024;198,510;198,510;198,510;198,510;EUR;0
09.04.2024;198,920;198,920;198,920;198,920;EUR;0
10.04.2024;200,120;200,120;200,120;200,120;EUR;0
11.04.2024;200,760;200,760;200,760;200,760;EUR;0
12.04.2024;205,390;205,390;205,390;205,390;EUR;0
15.04.2024;203,900;203,900;203,900;203,900;EUR;0
16.04.2024;207,030;207,030;207,030;207,030;EUR;0
17.04.2024;206,290;206,290;206,290;206,290;EUR;0
18.04.2024;204,890;204,890;204,890;204,890;EUR;0
19.04.2024;206,310;206,310;206,310;206,310;EUR;0
22.04.2024;204,350;204,350;204,350;204,350;EUR;0
23.04.2024;199,570;199,570;199,570;199,570;EUR;0
24.04.2024;200,420;200,420;200,420;200,420;EUR;0
25.04.2024;199,420;199,420;199,420;199,420;EUR;0
26.04.2024;200,710;200,710;200,710;200,710;EUR;0
29.04.2024;200,140;200,140;200,140;200,140;EUR;0
30.04.2024;199,940;199,940;199,940;199,940;EUR;0
02.05.2024;198,880;198,880;198,880;198,880;EUR;0
03.05.2024;197,760;197,760;197,760;197,760;EUR;0
06.05.2024;197,520;197,520;197,520;197,520;EUR;0
07.05.2024;198,630;198,630;198,630;198,630;EUR;0
08.05.2024;198,650;198,650;198,650;198,650;EUR;0
09.05.2024;198,500;198,500;198,500;198,500;EUR;0
10.05.2024;201,390;201,390;201,390;201,390;EUR;0
13.05.2024;201,060;201,060;200,510;200,510;EUR;35
14.05.2024;200,120;201,230;200,120;201,230;EUR;25
15.05.2024;200,590;200,590;200,590;200,590;EUR;0
16.05.2024;201,570;201,570;201,570;201,570;EUR;0
17.05.2024;201,860;201,860;201,860;201,860;EUR;0
20.05.2024;207,160;207,160;207,160;207,160;EUR;0
21.05.2024;204,940;205,570;204,940;205,570;EUR;40
22.05.2024;204,940;204,940;204,940;204,940;EUR;0
23.05.2024;200,620;200,620;200,620;200,620;EUR;0
24.05.2024;199,170;199,170;199,170;199,170;EUR;0
27.05.2024;198,900;198,900;198,900;198,900;EUR;0
28.05.2024;198,890;198,890;198,890;198,890;EUR;0
29.05.2024;199,920;199,920;199,920;199,920;EUR;0
30.05.2024;198,320;198,320;198,320;198,320;EUR;0
31.05.2024;199,140;199,140;199,140;199,140;EUR;0
03.06.2024;196,770;196,770;196,770;196,770;EUR;0
04.06.2024;198,210;198,210;198,210;198,210;EUR;0
05.06.2024;197,790;197,790;197,790;197,790;EUR;0
06.06.2024;200,220;200,220;200,220;200,220;EUR;0
07.06.2024;200,760;200,760;200,760;200,760;EUR;0
10.06.2024;196,230;196,230;196,230;196,230;EUR;0
11.06.2024;196,570;196,570;196,570;196,570;EUR;0
12.06.2024;198,290;198,290;198,290;198,290;EUR;0
13.06.2024;196,920;196,920;196,920;196,920;EUR;0
14.06.2024;198,020;198,020;198,020;198,020;EUR;0
17.06.2024;198,570;198,570;198,570;198,570;EUR;0
18.06.2024;199,290;199,290;199,290;199,290;EUR;0
19.06.2024;199,650;199,650;199,650;199,650;EUR;0
20.06.2024;200,620;200,620;200,620;200,620;EUR;0
21.06.2024;202,930;202,930;202,930;202,930;EUR;0
24.06.2024;199,990;199,990;199,990;199,990;EUR;0
25.06.2024;199,170;199,170;199,170;199,170;EUR;0
26.06.2024;198,750;198,750;198,750;198,750;EUR;0
27.06.2024;197,740;197,740;197,740;197,740;EUR;0
28.06.2024;200,070;200,070;200,070;200,070;EUR;0
01.07.2024;198,480;198,480;198,480;198,480;EUR;0
02.07.2024;199,770;199,770;199,770;199,770;EUR;0
03.07.2024;199,920;199,920;199,920;199,920;EUR;0
04.07.2024;201,010;201,010;201,010;201,010;EUR;0
05.07.2024;201,160;201,160;201,160;201,160;EUR;0
08.07.2024;202,580;202,580;202,580;202,580;EUR;0
09.07.2024;200,940;200,940;200,940;200,940;EUR;0
10.07.2024;201,460;201,460;201,460;201,460;EUR;0
11.07.2024;202,310;202,310;202,310;202,310;EUR;0
12.07.2024;203,730;203,730;203,730;203,730;EUR;0
15.07.2024;203,350;203,350;203,350;203,350;EUR;0
16.07.2024;205,390;205,390;205,390;205,390;EUR;0
17.07.2024;207,980;207,980;207,980;207,980;EUR;0
18.07.2024;207,310;207,310;207,310;207,310;EUR;0
19.07.2024;204,700;204,700;204,700;204,700;EUR;0
22.07.2024;203,200;203,200;203,200;203,200;EUR;0
23.07.2024;202,130;202,130;202,130;202,130;EUR;0
24.07.2024;204,570;204,570;204,570;204,570;EUR;0
25.07.2024;201,560;201,560;201,560;201,560;EUR;0
26.07.2024;201,110;201,110;201,110;201,110;EUR;0
29.07.2024;202,150;203,500;202,150;203,500;EUR;0
30.07.2024;203,130;203,130;203,130;203,130;EUR;0
31.07.2024;205,490;205,490;205,490;205,490;EUR;0
01.08.2024;208,080;208,080;208,080;208,080;EUR;0
02.08.2024;210,120;210,120;210,120;210,120;EUR;0
05.08.2024;205,590;205,590;205,590;205,590;EUR;0
06.08.2024;201,660;201,660;201,660;201,660;EUR;0
07.08.2024;201,540;201,540;201,540;201,540;EUR;0
08.08.2024;201,490;201,490;201,490;201,490;EUR;0
09.08.2024;202,980;205,650;202,980;205,650;EUR;100
12.08.2024;204,590;204,590;204,590;204,590;EUR;0
13.08.2024;207,060;207,060;207,060;207,060;EUR;0
14.08.2024;205,990;205,990;205,990;205,990;EUR;0
15.08.2024;204,970;204,970;204,970;204,970;EUR;0
16.08.2024;205,590;205,590;205,590;205,590;EUR;0
19.08.2024;208,280;208,280;208,280;208,280;EUR;0
20.08.2024;207,510;207,510;207,510;207,510;EUR;0
21.08.2024;208,080;208,080;208,080;208,080;EUR;0
22.08.2024;206,810;206,810;206,810;206,810;EUR;0
23.08.2024;206,010;206,360;206,010;206,360;EUR;0
26.08.2024;206,410;207,030;206,410;207,030;EUR;0
27.08.2024;207,030;207,570;207,030;207,570;EUR;0
28.08.2024;207,010;207,340;207,010;207,340;EUR;0
29.08.2024;208,000;209,310;208,000;209,310;EUR;0
30.08.2024;208,580;208,580;208,450;208,450;EUR;0
02.09.2024;207,750;207,880;207,750;207,880;EUR;5
03.09.2024;207,480;207,480;206,780;206,780;EUR;0
04.09.2024;207,360;207,360;207,260;207,260;EUR;0
05.09.2024;207,560;207,920;207,560;207,920;EUR;0
06.09.2024;208,400;208,490;208,400;208,490;EUR;0
09.09.2024;206,810;207,910;206,810;207,910;EUR;0
10.09.2024;208,680;209,770;208,680;209,770;EUR;0
11.09.2024;209,920;209,920;209,880;209,880;EUR;0
12.09.2024;210,370;212,880;210,370;212,880;EUR;65
13.09.2024;212,880;213,940;212,880;213,940;EUR;0
16.09.2024;214,470;214,470;213,410;213,410;EUR;0
17.09.2024;213,250;213,250;212,760;212,760;EUR;0
18.09.2024;212,310;212,960;212,310;212,960;EUR;0
19.09.2024;212,730;213,380;212,730;213,380;EUR;0
20.09.2024;213,720;215,880;213,720;215,880;EUR;0
23.09.2024;216,560;217,450;216,560;217,310;EUR;6
24.09.2024;217,330;218,440;217,330;218,440;EUR;0
25.09.2024;218,080;219,710;218,080;219,710;EUR;0
26.09.2024;219,420;219,420;219,420;219,420;EUR;0
27.09.2024;219,470;219,470;218,660;218,660;EUR;0
30.09.2024;218,750;218,750;217,330;217,330;EUR;0
01.10.2024;218,250;221,530;218,250;221,530;EUR;0
02.10.2024;220,070;220,400;220,070;220,400;EUR;0
03.10.2024;223,310;223,310;221,480;221,480;EUR;50
04.10.2024;222,230;223,300;222,230;223,300;EUR;0
07.10.2024;221,390;221,700;221,390;221,700;EUR;0
08.10.2024;221,310;221,310;218,970;218,970;EUR;0
09.10.2024;219,470;219,550;219,470;219,550;EUR;0
10.10.2024;219,620;220,850;219,620;220,850;EUR;0
11.10.2024;222,210;223,370;222,210;223,370;EUR;0
14.10.2024;223,700;223,700;223,160;223,160;EUR;0
15.10.2024;223,000;224,570;223,000;224,570;EUR;0
16.10.2024;224,790;226,220;224,790;226,220;EUR;0
17.10.2024;226,560;228,530;226,560;228,530;EUR;0
18.10.2024;228,600;230,120;228,600;230,120;EUR;0
21.10.2024;230,240;231,090;230,240;231,090;EUR;0
22.10.2024;231,010;233,300;231,010;233,300;EUR;0
23.10.2024;233,480;233,480;231,280;231,280;EUR;0
24.10.2024;231,390;232,670;231,390;232,670;EUR;0
25.10.2024;233,100;233,100;232,980;232,980;EUR;0
28.10.2024;233,500;233,500;233,190;233,190;EUR;0
29.10.2024;233,820;235,910;233,820;235,910;EUR;0
30.10.2024;235,470;235,930;235,470;235,930;EUR;0
31.10.2024;236,060;236,060;232,170;232,170;EUR;0
01.11.2024;232,530;232,610;232,530;232,610;EUR;0
04.11.2024;231,490;231,490;231,250;231,250;EUR;0
05.11.2024;231,210;231,210;230,810;230,810;EUR;0
06.11.2024;235,300;235,300;228,410;228,410;EUR;0
07.11.2024;227,180;229,410;227,180;229,410;EUR;0
08.11.2024;228,850;230,300;228,850;230,300;EUR;0
11.11.2024;229,100;229,100;225,780;225,780;EUR;0
12.11.2024;225,220;225,310;225,220;225,310;EUR;0
13.11.2024;225,520;225,870;225,520;225,870;EUR;0
14.11.2024;222,610;223,910;222,610;223,910;EUR;0
15.11.2024;222,950;223,870;222,950;223,870;EUR;0
18.11.2024;225,340;227,380;225,340;227,380;EUR;0
19.11.2024;227,700;228,040;227,700;228,040;EUR;0
20.11.2024;228,150;231,770;228,150;231,770;EUR;0
21.11.2024;231,860;233,740;231,860;233,740;EUR;0
22.11.2024;236,260;239,070;236,260;239,070;EUR;0
25.11.2024;233,870;233,870;230,830;230,830;EUR;0
26.11.2024;229,940;230,920;229,940;230,920;EUR;0
27.11.2024;232,060;232,060;229,970;229,970;EUR;0
28.11.2024;229,640;229,640;229,310;229,310;EUR;0
29.11.2024;231,390;231,930;231,390;231,930;EUR;0
02.12.2024;229,150;231,590;229,150;231,590;EUR;0
03.12.2024;231,680;231,680;231,330;231,330;EUR;0
04.12.2024;231,240;231,670;231,240;231,670;EUR;0
05.12.2024;230,890;230,890;229,460;229,460;EUR;0
06.12.2024;229,170;229,700;229,170;229,700;EUR;0
09.12.2024;230,340;232,000;230,340;232,000;EUR;0
10.12.2024;232,110;235,260;232,110;235,260;EUR;0
11.12.2024;235,290;238,120;235,290;238,120;EUR;0
12.12.2024;237,530;237,530;234,760;234,760;EUR;0
13.12.2024;235,610;235,610;233,030;233,030;EUR;0
16.12.2024;231,810;232,180;231,810;232,180;EUR;0
17.12.2024;231,730;232,750;230,910;230,910;EUR;8
18.12.2024;231,290;231,460;231,290;231,460;EUR;0
19.12.2024;230,940;230,940;229,450;229,450;EUR;0
20.12.2024;230,440;231,640;230,440;231,640;EUR;0
23.12.2024;231,580;231,580;230,840;230,840;EUR;0
27.12.2024;232,330;232,330;230,760;230,760;EUR;0
30.12.2024;230,610;231,330;230,610;231,330;EUR;0
02.01.2025;233,400;238,150;233,400;238,150;EUR;0
03.01.2025;236,740;236,740;235,980;235,980;EUR;0
06.01.2025;234,320;234,320;233,400;233,400;EUR;0
07.01.2025;233,180;235,040;233,180;235,040;EUR;0
08.01.2025;235,470;237,920;235,470;237,920;EUR;0
09.01.2025;237,700;240,270;237,700;240,270;EUR;8
10.01.2025;239,150;241,620;239,150;241,620;EUR;0
13.01.2025;241,660;241,660;240,170;240,170;EUR;0
14.01.2025;238,870;238,870;238,470;238,470;EUR;0
15.01.2025;239,220;239,670;239,220;239,670;EUR;0
16.01.2025;240,440;242,600;240,440;242,600;EUR;0
17.01.2025;242,080;243,220;242,080;242,590;EUR;8
20.01.2025;241,460;241,460;238,680;238,680;EUR;0
21.01.2025;241,360;242,110;241,360;242,110;EUR;0
22.01.2025;242,380;243,300;242,380;243,300;EUR;0
23.01.2025;243,030;243,030;242,850;242,850;EUR;0
24.01.2025;243,520;243,520;242,600;242,600;EUR;0
27.01.2025;241,760;241,760;239,670;239,670;EUR;0
28.01.2025;241,110;243,070;241,110;243,070;EUR;0
29.01.2025;242,750;242,880;242,750;242,880;EUR;0
30.01.2025;243,920;246,230;243,920;246,230;EUR;0
31.01.2025;246,780;248,120;246,780;248,120;EUR;0
03.02.2025;249,750;251,490;249,750;251,490;EUR;0
04.02.2025;250,660;251,710;250,660;251,710;EUR;0
05.02.2025;252,780;253,020;252,780;253,020;EUR;0
06.02.2025;252,630;252,630;252,550;252,550;EUR;0
07.02.2025;252,950;255,190;252,950;255,190;EUR;0
10.02.2025;256,810;258,980;256,810;258,980;EUR;200
11.02.2025;259,620;260,320;258,240;258,240;EUR;191
12.02.2025;256,260;256,760;256,260;256,760;EUR;0
13.02.2025;256,610;256,640;256,610;256,640;EUR;0
14.02.2025;257,350;257,350;253,170;253,170;EUR;0
17.02.2025;253,570;253,940;253,570;253,940;EUR;0
18.02.2025;255,710;257,090;255,710;257,090;EUR;0
19.02.2025;257,330;258,400;257,330;258,400;EUR;0
20.02.2025;259,130;259,130;258,410;258,410;EUR;0
21.02.2025;256,290;257,950;256,290;257,950;EUR;0
24.02.2025;256,760;258,110;256,760;258,110;EUR;0
25.02.2025;257,630;257,630;253,380;253,380;EUR;0
26.02.2025;254,200;254,580;254,200;254,580;EUR;0
27.02.2025;253,620;253,620;253,590;253,590;EUR;0
28.02.2025;252,700;252,700;251,580;251,580;EUR;0
03.03.2025;252,780;252,900;252,780;252,900;EUR;0
04.03.2025;252,650;253,830;252,650;253,830;EUR;0
05.03.2025;251,680;251,680;249,700;249,700;EUR;0
06.03.2025;248,180;248,180;247,510;247,510;EUR;0
07.03.2025;246,780;247,040;246,780;247,040;EUR;0
10.03.2025;246,540;246,540;246,120;246,120;EUR;0
11.03.2025;243,670;245,330;243,670;245,330;EUR;0
12.03.2025;245,440;247,120;245,440;247,120;EUR;0
13.03.2025;247,900;251,830;247,900;251,830;EUR;0
14.03.2025;252,750;252,750;252,230;252,230;EUR;0
17.03.2025;252,110;252,110;252,030;252,030;EUR;0
18.03.2025;253,550;255,070;253,550;255,070;EUR;0
19.03.2025;255,540;256,300;255,540;256,300;EUR;0
20.03.2025;256,710;257,270;256,710;257,270;EUR;0
21.03.2025;256,460;256,460;256,310;256,310;EUR;0
24.03.2025;255,990;256,120;255,990;256,120;EUR;0
25.03.2025;256,430;256,910;256,430;256,910;EUR;0
26.03.2025;257,400;257,780;257,400;257,780;EUR;0
27.03.2025;258,050;258,050;258,050;258,050;EUR;0
28.03.2025;262,430;262,430;262,430;262,430;EUR;0
31.03.2025;263,820;265,270;263,820;265,270;EUR;0
01.04.2025;265,010;265,650;265,010;265,650;EUR;0
02.04.2025;265,070;265,070;264,300;264,300;EUR;0
03.04.2025;262,430;262,430;258,090;258,090;EUR;0
04.04.2025;257,380;257,380;253,540;253,540;EUR;0
07.04.2025;252,280;252,280;251,280;251,280;EUR;0
08.04.2025;250,840;253,150;250,840;253,150;EUR;0
09.04.2025;250,810;256,480;250,810;256,480;EUR;44
10.04.2025;261,390;261,390;260,060;260,060;EUR;0
11.04.2025;260,740;262,720;259,060;262,720;EUR;100
14.04.2025;260,610;260,610;259,160;259,160;EUR;0
15.04.2025;260,640;261,520;260,640;261,520;EUR;0
16.04.2025;265,360;267,600;265,360;267,600;EUR;0
17.04.2025;268,700;268,700;266,270;266,270;EUR;0
22.04.2025;277,800;277,800;273,640;273,640;EUR;0
23.04.2025;267,110;267,110;264,720;264,720;EUR;0
24.04.2025;268,900;268,900;268,660;268,660;EUR;0
25.04.2025;266,360;267,460;264,400;264,400;EUR;50
28.04.2025;265,510;268,700;265,510;268,700;EUR;2
29.04.2025;265,850;266,690;265,850;266,690;EUR;0
30.04.2025;266,810;267,960;266,810;267,960;EUR;0
02.05.2025;263,670;263,670;263,110;263,110;EUR;0
05.05.2025;263,770;268,430;263,770;268,430;EUR;0
06.05.2025;272,500;274,890;272,500;274,890;EUR;0
07.05.2025;273,820;273,820;273,770;273,770;EUR;0
08.05.2025;272,060;272,200;272,060;272,200;EUR;0
09.05.2025;270,950;272,160;270,950;272,160;EUR;0
12.05.2025;270,450;270,450;267,660;267,660;EUR;0
13.05.2025;268,770;268,770;266,950;266,950;EUR;0
14.05.2025;265,270;265,270;261,030;261,030;EUR;0
15.05.2025;256,390;263,940;256,390;263,940;EUR;0
16.05.2025;263,250;263,250;261,670;261,670;EUR;3
19.05.2025;264,640;264,640;263,780;263,780;EUR;0
20.05.2025;262,010;269,310;262,010;267,550;EUR;5
21.05.2025;268,250;270,040;268,130;268,130;EUR;5
22.05.2025;269,670;269,670;267,860;267,860;EUR;0
23.05.2025;269,420;271,810;269,420;271,810;EUR;0
26.05.2025;268,750;269,140;268,750;269,140;EUR;0
27.05.2025;267,680;267,680;266,810;266,810;EUR;0
28.05.2025;268,100;268,100;268,090;268,090;EUR;0
29.05.2025;267,160;267,780;267,160;267,780;EUR;0
30.05.2025;266,660;266,660;265,900;265,900;EUR;0
02.06.2025;267,850;270,560;267,850;270,560;EUR;0
03.06.2025;270,190;270,190;270,050;270,050;EUR;0
04.06.2025;270,440;270,970;270,440;270,970;EUR;0
05.06.2025;270,490;270,490;269,770;269,770;EUR;0
06.06.2025;269,820;269,820;268,390;268,390;EUR;0
09.06.2025;266,160;267,630;266,160;267,630;EUR;0
10.06.2025;266,710;269,490;266,710;267,220;EUR;6
11.06.2025;268,050;268,050;266,880;266,880;EUR;0
12.06.2025;268,270;268,570;268,270;268,570;EUR;0
13.06.2025;272,210;272,210;272,050;272,050;EUR;0
16.06.2025;271,410;271,410;269,630;269,630;EUR;0
17.06.2025;268,800;269,460;268,800;269,460;EUR;0
18.06.2025;269,770;270,020;269,770;270,020;EUR;0
19.06.2025;268,370;269,490;268,370;269,490;EUR;0
20.06.2025;268,190;268,190;268,120;268,120;EUR;0
23.06.2025;267,260;269,190;267,260;269,190;EUR;0
24.06.2025;262,330;262,330;261,100;261,100;EUR;0
25.06.2025;262,930;262,930;262,350;262,350;EUR;0
26.06.2025;261,530;261,530;260,600;260,600;EUR;0
27.06.2025;258,250;258,250;256,310;256,310;EUR;0
30.06.2025;256,980;256,980;256,730;256,730;EUR;0
01.07.2025;258,950;259,970;258,950;259,970;EUR;0
02.07.2025;259,590;260,370;259,590;260,370;EUR;0
03.07.2025;260,890;260,890;260,890;260,890;EUR;0
04.07.2025;259,890;259,890;259,370;259,370;EUR;0
07.07.2025;258,100;261,050;258,100;261,050;EUR;0
08.07.2025;260,410;260,410;258,430;258,430;EUR;0
09.07.2025;257,350;257,350;257,350;257,350;EUR;0
10.07.2025;259,370;260,700;259,370;260,700;EUR;0
11.07.2025;261,630;264,080;261,630;264,080;EUR;0
14.07.2025;263,670;263,670;262,880;262,880;EUR;0
15.07.2025;263,700;263,880;263,700;263,880;EUR;0
16.07.2025;263,350;264,280;263,350;264,280;EUR;0
17.07.2025;263,330;263,940;263,330;263,940;EUR;40
18.07.2025;262,930;263,930;262,930;263,930;EUR;0
21.07.2025;265,220;266,320;265,220;266,320;EUR;44
22.07.2025;265,510;267,870;265,510;267,870;EUR;0
23.07.2025;267,280;267,280;266,740;266,740;EUR;0
24.07.2025;263,050;263,050;262,870;262,870;EUR;0
25.07.2025;261,410;261,410;260,470;260,470;EUR;0
28.07.2025;261,040;261,590;261,040;261,590;EUR;0
29.07.2025;262,680;264,600;262,680;264,600;EUR;0
30.07.2025;263,770;263,770;263,020;263,020;EUR;0
31.07.2025;264,570;264,570;264,350;264,350;EUR;0
01.08.2025;264,170;266,240;264,170;266,240;EUR;0
04.08.2025;265,860;267,360;265,860;267,360;EUR;0
05.08.2025;267,700;268,100;267,700;268,100;EUR;0
06.08.2025;266,960;266,960;266,040;266,040;EUR;0
07.08.2025;264,890;266,900;264,890;266,900;EUR;0
08.08.2025;266,960;266,960;266,810;266,810;EUR;0
11.08.2025;267,430;267,430;264,850;264,850;EUR;7
12.08.2025;264,640;264,640;263,060;263,060;EUR;0
13.08.2025;262,700;262,790;262,700;262,790;EUR;0
14.08.2025;262,780;262,780;262,620;262,620;EUR;0
15.08.2025;262,380;262,380;261,780;261,780;EUR;0
18.08.2025;262,180;262,180;262,120;262,120;EUR;0
19.08.2025;262,260;262,260;261,340;261,340;EUR;0
20.08.2025;261,580;262,720;261,580;262,720;EUR;0
21.08.2025;262,580;263,630;262,580;263,630;EUR;0
22.08.2025;263,180;264,020;263,180;264,020;EUR;0
25.08.2025;263,450;264,860;263,450;264,860;EUR;0
26.08.2025;265,860;266,130;265,860;266,130;EUR;0
27.08.2025;266,460;267,620;266,460;267,620;EUR;0
28.08.2025;266,930;267,840;266,930;267,840;EUR;0
29.08.2025;267,800;269,910;267,800;269,910;EUR;0
01.09.2025;272,210;272,280;272,210;272,280;EUR;0
02.09.2025;273,670;276,260;273,670;276,260;EUR;0
03.09.2025;278,130;279,910;278,130;279,910;EUR;0
04.09.2025;277,330;279,200;277,330;279,200;EUR;0
05.09.2025;278,750;280,240;278,750;280,240;EUR;0
08.09.2025;280,890;284,160;280,890;284,160;EUR;0
09.09.2025;283,570;284,720;283,570;284,720;EUR;0
10.09.2025;284,870;284,870;284,830;284,830;EUR;0
11.09.2025;284,520;284,520;283,980;283,980;EUR;0
12.09.2025;285,190;285,190;285,060;285,060;EUR;0
15.09.2025;284,490;285,840;284,490;285,840;EUR;0
16.09.2025;286,430;286,430;285,280;285,280;EUR;0
17.09.2025;284,070;285,190;284,070;285,190;EUR;0
18.09.2025;283,650;283,650;283,050;283,050;EUR;0
19.09.2025;284,100;286,730;284,100;286,730;EUR;0
22.09.2025;288,720;290,470;288,720;290,470;EUR;0
23.09.2025;291,530;293,740;291,530;293,740;EUR;0
24.09.2025;292,850;293,180;292,850;293,180;EUR;0
25.09.2025;291,580;293,040;291,580;293,040;EUR;0
26.09.2025;293,400;296,200;293,400;296,200;EUR;0
29.09.2025;298,050;299,200;298,050;299,200;EUR;0
30.09.2025;302,030;302,030;300,020;300,020;EUR;0
01.10.2025;301,090;301,840;301,090;301,840;EUR;0
02.10.2025;301,810;301,810;300,390;300,390;EUR;0
03.10.2025;301,310;303,270;301,310;303,270;EUR;0
06.10.2025;307,250;309,210;307,250;309,210;EUR;0
07.10.2025;310,390;312,990;310,390;312,990;EUR;0
08.10.2025;317,650;319,180;317,650;319,180;EUR;0
09.10.2025;317,850;318,690;317,850;318,690;EUR;0
10.10.2025;314,520;316,660;314,520;316,660;EUR;0
13.10.2025;320,460;324,650;320,460;324,650;EUR;0
14.10.2025;326,010;328,550;326,010;327,250;EUR;29
15.10.2025;329,940;331,010;329,940;331,010;EUR;0
16.10.2025;330,640;336,550;330,640;336,550;EUR;0
17.10.2025;340,910;340,910;333,280;333,280;EUR;0
20.10.2025;332,920;341,530;332,920;341,530;EUR;0
21.10.2025;341,210;341,210;326,330;326,330;EUR;0
22.10.2025;326,260;326,260;318,440;318,440;EUR;0
23.10.2025;324,720;326,930;324,720;326,930;EUR;0
24.10.2025;323,670;325,110;323,670;325,110;EUR;0
27.10.2025;320,490;320,490;314,270;314,270;EUR;0
28.10.2025;309,540;313,230;307,580;313,230;EUR;42
29.10.2025;313,120;314,380;313,120;314,380;EUR;0
30.10.2025;313,100;316,410;313,100;316,410;EUR;0
31.10.2025;317,600;320,030;316,390;316,390;EUR;100
03.11.2025;318,800;318,800;317,990;317,990;EUR;0
04.11.2025;316,480;316,850;316,480;316,850;EUR;0
05.11.2025;316,110;317,680;316,110;317,680;EUR;0
06.11.2025;317,900;317,900;316,220;316,220;EUR;100
07.11.2025;318,000;318,000;317,080;317,080;EUR;0
10.11.2025;322,580;324,720;322,580;324,720;EUR;40
11.11.2025;326,980;326,980;324,970;324,970;EUR;0
12.11.2025;325,410;330,770;325,410;330,770;EUR;0
13.11.2025;332,730;332,730;330,990;330,990;EUR;0
14.11.2025;328,150;328,150;323,570;323,570;EUR;0
17.11.2025;320,690;321,170;318,470;318,470;EUR;6
18.11.2025;316,280;321,480;316,280;321,480;EUR;0
19.11.2025;322,780;324,150;322,780;324,150;EUR;0
20.11.2025;323,200;323,200;322,990;322,990;EUR;0
21.11.2025;319,470;324,190;319,470;324,190;EUR;0
24.11.2025;322,130;325,590;322,130;325,590;EUR;0
25.11.2025;329,090;329,090;327,710;327,710;EUR;0
26.11.2025;327,950;328,960;327,950;328,960;EUR;0
27.11.2025;328,270;328,270;327,760;327,760;EUR;0
28.11.2025;330,910;332,590;330,910;332,590;EUR;0
01.12.2025;335,450;336,100;335,450;336,100;EUR;0
02.12.2025;333,050;333,050;333,050;333,050;EUR;0
03.12.2025;331,700;331,700;331,650;331,650;EUR;0
04.12.2025;330,400;330,650;330,400;330,650;EUR;0
05.12.2025;333,200;333,200;333,150;333,150;EUR;0
08.12.2025;332,400;332,400;331,920;331,920;EUR;0
09.12.2025;330,350;330,720;330,150;330,720;EUR;0
10.12.2025;332,550;332,550;331,400;331,400;EUR;0
11.12.2025;331,400;331,400;331,270;331,370;EUR;0
12.12.2025;335,550;336,220;335,550;336,220;EUR;0
15.12.2025;340,300;340,370;340,300;340,370;EUR;0
16.12.2025;335,670;337,600;334,450;337,600;EUR;90
17.12.2025;339,770;339,770;338,150;338,150;EUR;0
18.12.2025;339,300;339,300;339,020;339,270;EUR;0
19.12.2025;339,370;339,520;339,320;339,320;EUR;0
22.12.2025;346,520;346,520;345,970;346,100;EUR;0
23.12.2025;350,020;350,270;350,020;350,270;EUR;0
29.12.2025;348,100;349,950;338,160;338,160;EUR;26
30.12.2025;340,560;342,570;340,560;342,570;EUR;0
02.01.2026;343,470;343,650;343,470;343,650;EUR;0
05.01.2026;349,260;349,260;346,710;346,710;EUR;8
06.01.2026;349,690;349,710;345,860;345,860;EUR;80
07.01.2026;348,680;351,040;348,680;351,040;EUR;0
08.01.2026;348,720;348,750;348,320;348,320;EUR;0
09.01.2026;351,970;352,050;351,560;352,050;EUR;0
12.01.2026;357,500;358,000;357,500;358,000;EUR;94
13.01.2026;359,660;359,870;359,580;359,870;EUR;0
14.01.2026;367,460;367,460;367,240;367,240;EUR;0
15.01.2026;362,880;365,450;360,140;360,140;EUR;97
16.01.2026;363,770;364,190;363,770;364,090;EUR;0
19.01.2026;369,590;369,590;369,040;369,390;EUR;0
20.01.2026;370,480;370,480;369,330;369,330;EUR;0
21.01.2026;382,020;384,080;382,020;384,080;EUR;0
22.01.2026;377,430;379,160;377,030;379,160;EUR;15
23.01.2026;391,760;391,760;389,150;389,150;EUR;0
26.01.2026;393,720;395,420;392,430;392,430;EUR;75
27.01.2026;392,330;393,130;392,330;392,970;EUR;50
28.01.2026;404,700;407,120;404,700;407,120;EUR;0
29.01.2026;434,440;434,630;434,440;434,630;EUR;0
30.01.2026;399,100;399,100;389,600;394,600;EUR;30
02.02.2026;358,490;365,530;357,320;365,530;EUR;45
03.02.2026;381,850;387,530;381,850;387,530;EUR;200
04.02.2026;393,080;397,480;393,080;393,930;EUR;0
05.02.2026;387,000;388,000;381,120;381,120;EUR;0
06.02.2026;376,540;376,540;372,910;372,910;EUR;0
09.02.2026;389,820;389,820;388,610;389,290;EUR;0
10.02.2026;386,810;387,730;386,760;387,730;EUR;0
11.02.2026;390,490;390,590;389,730;389,730;EUR;0
12.02.2026;390,250;390,290;390,250;390,290;EUR;0
13.02.2026;386,280;387,610;386,280;387,610;EUR;0
16.02.2026;387,570;388,950;387,570;388,950;EUR;0
17.02.2026;382,880;384,650;382,880;384,650;EUR;0
18.02.2026;383,120;383,640;383,120;383,310;EUR;0
19.02.2026;388,630;388,630;387,540;387,540;EUR;0
20.02.2026;392,900;392,900;390,190;392,800;EUR;0
23.02.2026;399,980;400,030;399,730;399,730;EUR;0
24.02.2026;402,900;403,000;402,900;403,000;EUR;0
25.02.2026;401,900;402,400;401,900;402,400;EUR;0
26.02.2026;406,160;408,960;403,000;403,480;EUR;430
27.02.2026;401,750;401,750;400,280;400,280;EUR;0
02.03.2026;429,580;429,580;429,580;429,580;EUR;0
03.03.2026;420,860;423,970;418,800;418,800;EUR;79
04.03.2026;411,870;412,190;411,170;411,170;EUR;0
05.03.2026;411,270;412,850;410,820;412,850;EUR;0
06.03.2026;405,030;405,510;404,760;405,510;EUR;0
09.03.2026;409,660;409,660;406,100;406,100;EUR;0
10.03.2026;409,260;409,260;408,200;408,610;EUR;0
11.03.2026;409,890;410,810;409,890;410,810;EUR;70
12.03.2026;408,100;412,180;408,100;412,180;EUR;0
13.03.2026;410,020;410,020;406,620;406,620;EUR;0
16.03.2026;401,980;402,060;401,650;402,060;EUR;11
17.03.2026;402,160;402,160;401,460;401,550;EUR;0
18.03.2026;398,280;398,280;397,970;397,970;EUR;0
19.03.2026;385,000;385,000;378,500;378,500;EUR;135
20.03.2026;371,630;373,550;371,630;373,550;EUR;0
23.03.2026;336,030;348,000;336,030;348,000;EUR;92
24.03.2026;352,090;352,090;348,950;348,950;EUR;0
25.03.2026;361,670;361,860;360,230;360,230;EUR;0
26.03.2026;353,150;354,240;352,620;354,240;EUR;0
27.03.2026;356,180;356,180;354,390;354,390;EUR;0
30.03.2026;360,770;364,050;360,770;364,050;EUR;8
31.03.2026;365,180;365,180;364,560;364,560;EUR;0
01.04.2026;372,830;375,170;372,830;375,170;EUR;13
02.04.2026;368,390;369,640;368,390;369,640;EUR;0
07.04.2026;369,650;369,680;369,620;369,680;EUR;0
08.04.2026;377,640;377,640;377,640;377,640;EUR;0
09.04.2026;370,740;370,740;369,810;369,810;EUR;0
10.04.2026;374,150;374,190;373,150;373,150;EUR;0
13.04.2026;372,160;372,360;372,160;372,360;EUR;0
14.04.2026;373,240;373,960;373,240;373,960;EUR;0
15.04.2026;374,540;374,790;374,540;374,790;EUR;0
16.04.2026;377,340;377,480;377,280;377,480;EUR;0
17.04.2026;373,120;376,770;373,120;376,770;EUR;5
20.04.2026;373,340;373,340;372,800;372,800;EUR;0
21.04.2026;373,970;374,020;373,970;373,980;EUR;0
22.04.2026;376,190;376,190;371,590;371,590;EUR;0
23.04.2026;368,520;368,610;368,520;368,610;EUR;0
24.04.2026;368,220;368,220;368,150;368,150;EUR;0
27.04.2026;368,700;368,700;368,270;368,270;EUR;0
28.04.2026;365,610;365,950;358,630;358,630;EUR;10
29.04.2026;360,490;360,490;358,900;358,900;EUR;0
30.04.2026;360,810;361,790;360,810;361,790;EUR;0
04.05.2026;359,900;360,150;359,850;360,070;EUR;0
05.05.2026;357,450;358,090;357,450;358,090;EUR;0
06.05.2026;366,760;366,780;366,760;366,780;EUR;0
07.05.2026;368,150;370,360;368,150;370,360;EUR;0
08.05.2026;369,320;369,320;367,850;367,850;EUR;2
11.05.2026;366,720;366,720;364,370;364,610;EUR;25
12.05.2026;368,750;370,600;368,480;370,600;EUR;0
13.05.2026;369,380;369,380;369,150;369,150;EUR;0
14.05.2026;367,950;368,390;367,950;368,390;EUR;0
15.05.2026;359,490;360,610;359,290;359,290;EUR;3
18.05.2026;357,770;358,220;357,500;358,220;EUR;100
19.05.2026;360,700;361,290;360,520;361,290;EUR;0
20.05.2026;354,940;355,620;354,320;355,620;EUR;0
21.05.2026;357,680;357,790;357,350;357,350;EUR;0
22.05.2026;356,840;357,600;356,840;357,530;EUR;0
25.05.2026;357,700;358,380;357,700;358,380;EUR;0
26.05.2026;356,590;356,590;356,480;356,560;EUR;0
27.05.2026;355,030;355,030;353,770;353,770;EUR;0
28.05.2026;346,330;346,800;346,330;346,800;EUR;0
29.05.2026;355,400;359,110;355,160;359,110;EUR;253
01.06.2026;355,490;355,490;352,200;354,610;EUR;0
02.06.2026;355,950;357,330;355,950;357,330;EUR;0
03.06.2026;352,190;352,410;352,190;352,410;EUR;0
04.06.2026;354,260;354,260;353,550;353,550;EUR;0
05.06.2026;349,010;350,250;348,700;350,250;EUR;0
08.06.2026;343,380;343,380;343,190;343,350;EUR;0
09.06.2026;343,540;343,540;342,670;342,670;EUR;0
10.06.2026;332,150;335,120;332,150;335,120;EUR;0
11.06.2026;322,350;326,190;322,350;326,190;EUR;20
12.06.2026;333,250;333,250;332,690;332,690;EUR;0
15.06.2026;340,300;343,130;340,300;343,130;EUR;0
16.06.2026;342,190;342,190;341,810;342,070;EUR;0
17.06.2026;341,900;341,900;341,750;341,750;EUR;0
18.06.2026;345,290;346,140;344,950;346,140;EUR;0
19.06.2026;331,410;331,530;331,370;331,530;EUR;0
22.06.2026;333,770;334,440;333,770;333,860;EUR;0
23.06.2026;330,700;330,980;330,000;330,000;EUR;0
24.06.2026;329,490;330,300;329,420;330,300;EUR;70
25.06.2026;322,930;323,620;322,930;323,620;EUR;0
26.06.2026;322,580;325,950;322,580;325,950;EUR;17
29.06.2026;327,850;327,850;327,070;327,660;EUR;0
30.06.2026;322,260;324,640;322,260;324,470;EUR;0
01.07.2026;318,860;318,920;318,860;318,920;EUR;0
02.07.2026;327,290;327,760;326,840;327,760;EUR;50
03.07.2026;333,480;334,230;333,480;334,230;EUR;0
06.07.2026;334,060;334,240;334,060;334,240;EUR;0
07.07.2026;331,400;331,800;331,400;331,800;EUR;0
08.07.2026;330,400;330,400;329,340;329,340;EUR;0
09.07.2026;327,280;328,400;327,280;328,400;EUR;0
10.07.2026;329,550;329,550;329,400;329,400;EUR;0
13.07.2026;327,280;327,460;327,280;327,460;EUR;0
14.07.2026;324,220;324,220;323,760;323,780;EUR;0
15.07.2026;322,330;324,110;322,330;324,110;EUR;100
16.07.2026;322,590;322,590;322,010;322,010;EUR;0
17.07.2026;320,790;320,790;319,610;319,610;EUR;200
20.07.2026;321,450;322,160;321,450;322,160;EUR;15
21.07.2026;327,170;327,170;326,930;326,930;EUR;0
22.07.2026;331,440;331,440;330,320;330,320;EUR;0
23.07.2026;330,130;330,290;330,130;330,160;EUR;0
24.07.2026;324,640;325,040;324,640;325,040;EUR;0
27.07.2026;328,450;329,360;328,450;329,360;EUR;0
28.07.2026;325,550;325,950;325,550;325,740;EUR;0
29.07.2026;323,640;325,040;323,640;325,040;EUR;0
30.07.2026;326,600;327,830;326,600;327,830;EUR;0
31.07.2026;325,370;325,370;324,230;324,230;EUR;0
03.08.2026;322,690;322,870;322,690;322,870;EUR;0
04.08.2026;324,150;324,150;323,860;323,860;EUR;0
05.08.2026;331,020;331,020;330,360;330,360;EUR;0
06.08.2026;340,860;341,050;340,860;341,050;EUR;0
07.08.2026;341,450;341,830;341,040;341,830;EUR;0
10.08.2026;346,540;346,870;343,640;345,190;EUR;150
11.08.2026;348,610;348,610;348,090;348,090;EUR;0
12.08.2026;348,810;349,900;348,810;349,900;EUR;0
13.08.2026;345,800;348,530;345,800;348,530;EUR;0
14.08.2026;344,510;344,510;344,330;344,330;EUR;0
17.08.2026;347,960;347,960;343,830;347,350;EUR;0
18.08.2026;349,040;349,220;349,040;349,220;EUR;0
19.08.2026;341,800;342,500;341,800;342,500;EUR;0
20.08.2026;352,860;352,860;352,100;352,100;EUR;0
21.08.2026;353,310;361,760;353,310;361,760;EUR;50
24.08.2026;365,100;365,100;365,040;365,040;EUR;0
25.08.2026;368,190;368,190;367,390;367,390;EUR;0
26.08.2026;364,230;364,230;363,120;363,120;EUR;2
27.08.2026;364,440;364,440;364,180;364,180;EUR;0
28.08.2026;359,650;361,170;359,650;361,170;EUR;0
31.08.2026;351,010;351,290;350,970;351,290;EUR;0
01.09.2026;350,180;350,410;344,610;344,620;EUR;170
02.09.2026;342,660;343,280;342,660;343,050;EUR;65
03.09.2026;349,390;349,390;348,190;348,190;EUR;0
04.09.2026;352,610;352,670;352,610;352,670;EUR;0
07.09.2026;347,050;347,490;347,050;347,490;EUR;0
08.09.2026;347,260;347,260;347,180;347,180;EUR;0
09.09.2026;345,630;345,900;345,630;345,900;EUR;0
10.09.2026;347,280;347,280;347,070;347,070;EUR;0
11.09.2026;343,280;343,280;342,860;342,860;EUR;0
14.09.2026;344,050;344,050;343,900;343,900;EUR;0
15.09.2026;341,680;342,120;341,010;341,010;EUR;15
16.09.2026;341,900;341,900;341,900;341,900;EUR;0
17.09.2026;344,300;344,300;343,740;343,740;EUR;0
18.09.2026;350,180;351,320;350,180;351,320;EUR;14
21.09.2026;348,620;348,620;345,750;345,750;EUR;0
22.09.2026;347,100;347,100;347,100;347,100;EUR;0
23.09.2026;347,880;347,880;347,880;347,880;EUR;0
24.09.2026;345,270;345,270;345,270;345,270;EUR;0
25.09.2026;343,720;343,720;343,470;343,470;EUR;0
28.09.2026;336,810;336,810;336,440;336,440;EUR;0