Datum;Eröffnung;Hoch;Tief;Schluss;Währung;Volumen
29.09.2016;74,49;75,06;73,45;73,70;EUR;1296793
30.09.2016;72,38;75,13;72,02;74,81;EUR;2422227
04.10.2016;76,00;77,68;75,79;77,29;EUR;2802839
05.10.2016;76,65;78,39;75,98;78,18;EUR;1831075
06.10.2016;78,30;78,69;77,86;78,30;EUR;1405848
07.10.2016;78,30;78,33;76,84;77,41;EUR;1794688
10.10.2016;77,43;78,39;76,83;78,09;EUR;1360853
11.10.2016;78,05;78,75;77,45;77,66;EUR;1419536
12.10.2016;77,66;78,03;76,72;77,00;EUR;1195629
13.10.2016;76,34;76,55;75,28;75,94;EUR;1688240
14.10.2016;75,79;77,55;75,71;76,84;EUR;1787777
17.10.2016;76,72;76,94;75,89;76,34;EUR;1073588
18.10.2016;76,86;77,24;76,02;77,01;EUR;1395534
19.10.2016;77,10;78,59;76,52;78,02;EUR;1566405
20.10.2016;78,60;79,67;78,09;79,17;EUR;1777144
21.10.2016;79,14;79,19;77,97;78,63;EUR;1600932
24.10.2016;79,01;80,10;79,01;79,59;EUR;1364786
25.10.2016;79,87;80,38;79,45;79,63;EUR;962293
26.10.2016;79,40;80,37;79,15;80,07;EUR;1235956
27.10.2016;80,00;80,54;79,50;79,92;EUR;1311206
28.10.2016;79,37;80,30;78,34;80,17;EUR;1150215
31.10.2016;80,00;80,24;78,93;79,37;EUR;1253884
01.11.2016;79,80;79,99;78,05;78,32;EUR;1165792
02.11.2016;77,59;77,59;75,20;75,40;EUR;2420080
03.11.2016;75,30;76,28;75,00;75,23;EUR;1437285
04.11.2016;73,95;75,72;73,58;75,46;EUR;2173379
07.11.2016;77,10;77,37;76,53;77,20;EUR;1578469
08.11.2016;77,00;77,50;75,97;77,31;EUR;1631926
09.11.2016;73,51;76,95;73,40;76,84;EUR;3870661
10.11.2016;77,59;77,72;76,10;76,78;EUR;2030338
11.11.2016;76,83;80,15;76,82;80,11;EUR;3100893
14.11.2016;80,78;82,54;80,54;80,88;EUR;2549250
15.11.2016;81,12;81,73;80,48;81,53;EUR;1290580
16.11.2016;81,51;81,67;79,75;80,74;EUR;1387781
17.11.2016;80,54;81,57;79,70;80,42;EUR;1433849
18.11.2016;81,10;81,93;80,42;81,00;EUR;1728801
21.11.2016;81,16;82,93;80,67;82,37;EUR;2004221
22.11.2016;83,00;83,49;82,58;83,30;EUR;1962034
23.11.2016;83,20;83,31;81,13;82,24;EUR;1825460
24.11.2016;82,49;82,80;82,09;82,51;EUR;663757
25.11.2016;82,43;82,79;81,92;82,79;EUR;798224
28.11.2016;81,92;82,56;81,56;82,06;EUR;1171748
29.11.2016;82,14;82,14;80,30;81,20;EUR;1555821
30.11.2016;81,18;81,31;80,03;80,41;EUR;1712074
01.12.2016;80,16;80,77;79,45;80,07;EUR;1411483
02.12.2016;79,21;80,03;78,56;79,82;EUR;1476924
05.12.2016;79,31;82,60;79,20;82,40;EUR;2083892
06.12.2016;82,52;83,63;81,97;83,37;EUR;1560553
07.12.2016;84,08;86,62;84,06;86,32;EUR;2508926
08.12.2016;87,00;89,33;86,65;88,99;EUR;3308826
09.12.2016;88,40;89,26;87,66;88,77;EUR;1870981
12.12.2016;88,50;89,10;87,33;88,09;EUR;1398367
13.12.2016;88,25;89,40;88,10;88,90;EUR;1401304
14.12.2016;89,92;90,43;89,04;89,05;EUR;1973261
15.12.2016;89,00;89,96;86,73;89,75;EUR;2336676
16.12.2016;89,75;90,78;89,29;90,00;EUR;2550729
19.12.2016;89,61;90,22;89,10;90,11;EUR;1132010
20.12.2016;89,01;90,43;88,66;90,25;EUR;1760752
21.12.2016;90,00;90,67;89,90;90,07;EUR;1009885
22.12.2016;89,73;90,85;89,44;89,67;EUR;928293
23.12.2016;89,72;90,33;89,69;89,96;EUR;665904
27.12.2016;89,84;90,18;89,46;89,70;EUR;483756
28.12.2016;89,71;90,21;89,55;89,85;EUR;554383
29.12.2016;89,01;89,20;88,04;88,52;EUR;1068188
30.12.2016;88,42;88,89;87,51;88,75;EUR;760809
02.01.2017;88,34;90,27;87,81;89,98;EUR;774391
03.01.2017;90,50;91,76;90,49;90,83;EUR;1514253
04.01.2017;91,02;91,57;89,30;90,18;EUR;1224694
05.01.2017;89,50;90,59;89,48;90,34;EUR;967699
06.01.2017;90,32;90,70;89,81;90,51;EUR;969606
09.01.2017;90,79;90,79;89,31;89,83;EUR;1413820
10.01.2017;89,84;90,52;88,99;89,91;EUR;1252387
11.01.2017;89,69;90,42;89,10;90,13;EUR;1438353
12.01.2017;89,90;90,32;86,76;87,46;EUR;2233218
13.01.2017;88,13;89,20;87,22;87,81;EUR;1908167
16.01.2017;86,00;87,16;85,50;86,53;EUR;1384090
17.01.2017;86,20;87,18;85,19;86,47;EUR;1480197
18.01.2017;86,65;87,04;86,18;87,00;EUR;1077436
19.01.2017;86,90;87,39;86,42;86,59;EUR;1368684
20.01.2017;86,58;87,37;86,08;87,15;EUR;1646303
23.01.2017;86,51;86,78;85,98;86,26;EUR;1184095
24.01.2017;86,39;87,60;86,39;87,33;EUR;1069901
25.01.2017;87,88;89,40;87,83;88,80;EUR;1745950
26.01.2017;89,76;89,76;87,88;88,13;EUR;1295080
27.01.2017;87,99;87,99;87,09;87,41;EUR;1340989
30.01.2017;87,05;87,45;85,94;86,29;EUR;1538027
31.01.2017;86,27;86,51;84,17;84,17;EUR;2052243
01.02.2017;84,83;85,70;84,23;84,62;EUR;1352724
02.02.2017;84,11;84,77;83,65;84,20;EUR;1294157
03.02.2017;84,43;84,75;83,99;84,03;EUR;1084952
06.02.2017;83,74;84,05;82,55;82,94;EUR;1739679
07.02.2017;82,81;83,62;82,47;82,78;EUR;1084469
08.02.2017;82,73;83,72;82,47;83,49;EUR;1552697
09.02.2017;83,77;85,00;83,04;84,79;EUR;1786771
10.02.2017;85,44;85,60;84,68;85,07;EUR;1225759
13.02.2017;85,28;87,21;85,10;86,69;EUR;1707298
14.02.2017;86,68;86,95;85,89;86,30;EUR;1196841
15.02.2017;86,81;87,14;85,20;86,18;EUR;1047116
16.02.2017;86,20;86,24;85,04;85,45;EUR;1230592
17.02.2017;85,38;85,41;84,22;85,03;EUR;1300475
20.02.2017;85,70;86,25;84,99;85,07;EUR;852443
21.02.2017;85,19;86,67;84,70;86,53;EUR;1408494
22.02.2017;86,92;87,18;86,22;86,81;EUR;1203491
23.02.2017;87,00;87,59;85,59;85,76;EUR;1199782
24.02.2017;85,82;85,92;83,47;84,25;EUR;1920210
27.02.2017;84,63;85,02;84,36;84,52;EUR;950395
28.02.2017;84,59;84,84;83,98;84,37;EUR;1107265
01.03.2017;85,00;86,94;84,83;86,67;EUR;2033028
02.03.2017;86,49;87,39;86,33;87,18;EUR;1122990
03.03.2017;86,72;87,67;86,47;87,00;EUR;1017310
06.03.2017;86,69;87,03;86,01;86,35;EUR;1025674
07.03.2017;86,47;86,86;86,06;86,32;EUR;1025264
08.03.2017;86,00;87,02;85,60;86,65;EUR;1105107
09.03.2017;86,35;86,85;83,01;84,43;EUR;4196289
10.03.2017;84,68;85,56;83,32;83,54;EUR;2433446
13.03.2017;83,80;84,35;83,56;83,89;EUR;1681567
14.03.2017;83,90;84,11;83,01;83,40;EUR;2201982
15.03.2017;83,26;83,55;82,92;83,19;EUR;2002514
16.03.2017;84,29;84,30;83,23;83,68;EUR;1804195
17.03.2017;83,25;83,48;82,10;82,89;EUR;3108440
20.03.2017;82,51;82,70;81,96;82,50;EUR;2016318
21.03.2017;82,84;84,77;81,80;82,93;EUR;2667179
22.03.2017;81,96;82,79;81,10;82,74;EUR;1645875
23.03.2017;82,97;83,25;82,19;83,08;EUR;1391640
24.03.2017;83,40;83,75;82,44;83,68;EUR;1565883
27.03.2017;83,10;83,48;82,45;83,48;EUR;1424345
28.03.2017;84,04;84,77;83,48;84,48;EUR;1719210
29.03.2017;84,70;85,33;84,15;84,81;EUR;1708850
30.03.2017;85,00;85,90;84,80;85,58;EUR;1577509
31.03.2017;85,58;85,77;84,72;85,51;EUR;1474396
03.04.2017;85,98;86,08;84,52;84,87;EUR;1636969
04.04.2017;84,76;84,80;82,95;83,95;EUR;2170607
05.04.2017;84,00;84,00;82,97;83,24;EUR;1656950
06.04.2017;82,80;82,95;81,76;82,95;EUR;1710527
07.04.2017;82,65;83,01;82,27;82,79;EUR;1218307
10.04.2017;83,17;83,27;82,11;82,71;EUR;1143207
11.04.2017;82,65;83,02;82,01;82,63;EUR;1506405
12.04.2017;83,60;84,12;82,93;83,39;EUR;1829069
13.04.2017;83,51;83,80;82,69;82,83;EUR;1383419
18.04.2017;83,41;83,43;81,89;82,44;EUR;1617270
19.04.2017;82,73;84,39;82,69;83,98;EUR;2118830
20.04.2017;83,55;85,31;82,99;84,08;EUR;2432624
21.04.2017;84,25;85,41;83,92;84,93;EUR;2363017
24.04.2017;86,43;87,62;86,25;87,43;EUR;3070174
25.04.2017;87,70;88,00;86,92;87,77;EUR;1681180
26.04.2017;87,86;88,97;87,55;88,66;EUR;2013349
27.04.2017;88,40;88,40;87,31;87,70;EUR;1678073
28.04.2017;87,70;88,23;87,35;87,65;EUR;1714974
02.05.2017;88,59;88,79;87,03;87,71;EUR;1864875
03.05.2017;87,53;87,53;86,62;86,90;EUR;1663461
04.05.2017;87,68;88,72;86,64;87,30;EUR;2232748
05.05.2017;87,50;89,10;86,99;89,10;EUR;2668487
08.05.2017;89,67;90,06;88,90;89,89;EUR;2263707
09.05.2017;90,15;90,18;88,50;89,53;EUR;1914241
10.05.2017;89,44;90,90;89,44;90,52;EUR;1926305
11.05.2017;90,67;91,06;89,57;90,14;EUR;2727611
12.05.2017;87,03;88,07;86,87;87,24;EUR;2348529
15.05.2017;87,69;87,90;86,56;87,35;EUR;1555557
16.05.2017;87,19;87,21;86,43;86,69;EUR;1615215
17.05.2017;86,15;87,07;85,60;86,43;EUR;1887198
18.05.2017;86,24;86,29;83,80;85,19;EUR;2760266
19.05.2017;85,50;86,72;85,39;86,18;EUR;2530349
22.05.2017;86,59;86,74;85,18;85,90;EUR;1357947
23.05.2017;85,75;87,47;85,61;86,27;EUR;1891517
24.05.2017;85,82;86,14;85,13;85,77;EUR;1362796
25.05.2017;85,98;86,04;84,87;85,24;EUR;1067356
26.05.2017;85,05;85,20;83,64;84,31;EUR;1817563
29.05.2017;84,05;84,64;83,94;84,56;EUR;738074
30.05.2017;84,24;84,94;83,94;84,24;EUR;1366393
31.05.2017;84,25;84,42;83,17;83,29;EUR;1699913
01.06.2017;83,51;85,31;83,48;84,92;EUR;1952537
02.06.2017;85,49;87,00;85,35;85,93;EUR;1931083
06.06.2017;85,70;85,96;84,30;84,83;EUR;1925519
07.06.2017;84,71;85,38;84,22;84,60;EUR;1160342
08.06.2017;84,54;84,93;83,74;84,11;EUR;1554382
09.06.2017;84,20;84,87;84,00;84,43;EUR;984708
12.06.2017;84,25;85,88;84,13;84,90;EUR;1742216
13.06.2017;85,21;85,45;84,90;85,06;EUR;929682
14.06.2017;85,12;85,19;83,71;84,11;EUR;2438550
15.06.2017;84,05;84,68;82,84;83,42;EUR;1980581
16.06.2017;83,90;84,33;83,14;83,36;EUR;3149044
19.06.2017;84,10;84,63;84,00;84,00;EUR;1181583
20.06.2017;84,50;84,70;83,50;83,65;EUR;1047704
21.06.2017;83,33;83,68;82,67;83,60;EUR;1128180
22.06.2017;83,52;84,46;82,94;84,17;EUR;1436608
23.06.2017;84,20;84,45;82,85;83,60;EUR;1497917
26.06.2017;83,88;84,46;83,29;83,49;EUR;1101405
27.06.2017;83,00;83,50;82,17;82,86;EUR;1796666
28.06.2017;82,50;84,13;82,37;83,68;EUR;1835895
29.06.2017;84,10;84,27;82,14;82,72;EUR;2140773
30.06.2017;82,88;83,05;81,20;81,28;EUR;2137136
03.07.2017;80,51;83,52;80,50;82,98;EUR;1938295
04.07.2017;82,55;83,53;82,28;82,28;EUR;1223306
05.07.2017;82,05;82,18;81,19;81,53;EUR;1671095
06.07.2017;81,80;82,13;80,50;81,44;EUR;2095259
07.07.2017;81,40;81,60;80,83;81,38;EUR;1114144
10.07.2017;81,75;82,13;81,18;81,62;EUR;1053915
11.07.2017;82,40;83,38;82,11;83,01;EUR;2043589
12.07.2017;83,25;84,78;83,25;84,20;EUR;2235579
13.07.2017;83,60;84,88;83,35;84,36;EUR;1958941
14.07.2017;84,49;84,49;83,11;83,74;EUR;1428874
17.07.2017;83,86;84,30;83,42;83,65;EUR;805646
18.07.2017;83,41;83,60;82,61;83,28;EUR;1330665
19.07.2017;83,50;83,79;82,87;83,28;EUR;797684
20.07.2017;83,60;84,30;82,74;83,37;EUR;1506716
21.07.2017;83,27;83,44;80,58;81,19;EUR;3878764
24.07.2017;79,70;79,92;78,55;78,94;EUR;4103436
25.07.2017;79,07;79,50;78,27;79,43;EUR;2436359
26.07.2017;79,50;80,15;78,76;79,11;EUR;1781466
27.07.2017;78,97;78,97;78,03;78,50;EUR;1709825
28.07.2017;78,04;78,04;77,07;77,85;EUR;2099315
31.07.2017;77,54;77,96;77,13;77,71;EUR;1772723
01.08.2017;78,01;79,33;77,77;78,89;EUR;2305561
02.08.2017;79,20;79,66;77,94;78,86;EUR;2276768
03.08.2017;79,80;80,08;79,11;79,38;EUR;1902469
04.08.2017;79,49;82,43;79,21;81,35;EUR;3203533
07.08.2017;81,57;81,90;80,47;81,00;EUR;1306582
08.08.2017;80,86;81,33;80,17;80,79;EUR;1209891
09.08.2017;80,19;80,49;79,58;80,07;EUR;1487577
10.08.2017;80,00;80,17;79,24;80,05;EUR;1156328
11.08.2017;79,65;80,39;79,36;79,95;EUR;1319596
14.08.2017;80,40;80,89;80,16;80,20;EUR;882807
15.08.2017;80,60;80,93;79,70;80,00;EUR;839394
16.08.2017;80,50;80,65;80,01;80,14;EUR;776205
17.08.2017;80,30;80,46;79,56;79,81;EUR;1156370
18.08.2017;79,14;79,54;78,76;79,54;EUR;1549213
21.08.2017;79,45;79,83;78,35;78,97;EUR;1061270
22.08.2017;79,29;79,63;79,03;79,38;EUR;1017084
23.08.2017;79,44;79,78;78,89;79,11;EUR;1018070
24.08.2017;79,25;80,50;78,90;79,79;EUR;1690811
25.08.2017;79,97;80,30;79,20;79,29;EUR;1068142
28.08.2017;79,05;79,35;78,14;79,21;EUR;797455
29.08.2017;78,56;78,79;77,66;78,32;EUR;1535284
30.08.2017;78,79;78,93;78,28;78,37;EUR;786615
31.08.2017;78,00;78,52;77,40;78,00;EUR;1621049
01.09.2017;78,20;79,08;77,89;79,00;EUR;2088905
04.09.2017;78,27;79,64;78,23;79,13;EUR;1110378
05.09.2017;79,38;81,10;79,25;80,50;EUR;2153782
06.09.2017;80,20;82,71;80,03;81,76;EUR;2298700
07.09.2017;82,33;83,45;82,30;82,65;EUR;2312434
08.09.2017;82,21;82,94;82,05;82,52;EUR;1165651
11.09.2017;82,98;83,13;82,23;82,85;EUR;1293521
12.09.2017;83,24;83,97;82,80;83,60;EUR;1398344
13.09.2017;83,48;84,33;83,45;84,07;EUR;1421090
14.09.2017;83,90;84,64;83,90;84,37;EUR;1377921
15.09.2017;84,17;84,83;83,67;84,83;EUR;3517610
18.09.2017;85,11;85,25;84,62;84,62;EUR;1324330
19.09.2017;84,49;84,92;83,92;84,71;EUR;1132274
20.09.2017;84,50;84,90;84,12;84,46;EUR;959690
21.09.2017;84,71;85,54;84,61;85,14;EUR;1063793
22.09.2017;85,00;85,73;84,78;85,09;EUR;894307
25.09.2017;84,92;85,00;84,40;84,78;EUR;966648
26.09.2017;84,48;85,23;84,48;84,89;EUR;1047217
27.09.2017;85,36;85,77;84,84;84,97;EUR;1071296
28.09.2017;84,98;85,03;83,91;84,42;EUR;1632349
29.09.2017;84,38;85,83;83,83;85,83;EUR;1990981
02.10.2017;86,00;86,70;85,75;86,16;EUR;1084280
04.10.2017;86,60;88,64;86,25;88,48;EUR;2907246
05.10.2017;88,70;89,28;88,51;88,71;EUR;1587369
06.10.2017;88,55;89,35;88,51;89,05;EUR;1151989
09.10.2017;89,30;89,30;88,56;88,87;EUR;921016
10.10.2017;88,91;88,91;88,05;88,42;EUR;1187029
11.10.2017;88,63;88,82;87,92;88,39;EUR;1027531
12.10.2017;88,39;88,50;87,49;87,82;EUR;1104562
13.10.2017;88,04;88,04;86,82;87,27;EUR;1438255
16.10.2017;87,27;87,72;86,99;87,08;EUR;812165
17.10.2017;87,00;87,83;86,29;87,44;EUR;1018233
18.10.2017;88,14;88,63;87,80;88,20;EUR;1169060
19.10.2017;87,62;87,90;86,08;87,41;EUR;2201954
20.10.2017;87,66;87,80;86,22;86,30;EUR;2105118
23.10.2017;86,29;86,70;85,70;86,01;EUR;1275308
24.10.2017;85,78;86,63;85,13;86,42;EUR;1532471
25.10.2017;86,44;86,45;84,92;85,46;EUR;1492674
26.10.2017;85,26;86,59;85,10;86,28;EUR;1343724
27.10.2017;86,59;87,90;86,50;87,22;EUR;1955585
30.10.2017;87,27;87,81;87,16;87,50;EUR;1066998
01.11.2017;88,12;89,97;88,02;89,34;EUR;2442706
02.11.2017;89,17;90,41;89,07;89,87;EUR;1694754
03.11.2017;89,70;90,50;89,21;89,57;EUR;1261667
06.11.2017;89,40;90,68;89,21;89,97;EUR;1518663
07.11.2017;88,60;88,70;87,30;87,42;EUR;3155505
08.11.2017;87,46;88,19;87,03;87,24;EUR;1701211
09.11.2017;87,37;87,96;86,35;86,93;EUR;1791437
10.11.2017;87,12;87,36;85,80;86,34;EUR;1450662
13.11.2017;86,45;86,71;85,26;86,20;EUR;1156350
14.11.2017;86,54;86,65;85,81;86,12;EUR;927821
15.11.2017;85,72;85,83;84,48;85,30;EUR;1596394
16.11.2017;85,96;86,10;85,26;85,33;EUR;1106880
17.11.2017;85,50;85,57;84,59;84,93;EUR;1184540
20.11.2017;84,48;85,94;84,45;85,18;EUR;1376355
21.11.2017;85,18;87,71;84,94;86,78;EUR;2235339
22.11.2017;86,95;87,88;86,58;86,58;EUR;1378224
23.11.2017;86,30;87,13;86,05;86,34;EUR;1005293
24.11.2017;86,44;87,19;86,16;86,38;EUR;838832
27.11.2017;85,80;86,24;85,36;85,69;EUR;1165467
28.11.2017;84,90;85,22;84,55;84,95;EUR;1759448
29.11.2017;85,65;86,07;84,40;84,73;EUR;1724493
30.11.2017;84,67;85,64;84,57;84,68;EUR;1574719
01.12.2017;84,66;84,69;82,87;83,57;EUR;2262673
04.12.2017;84,70;85,94;84,26;85,33;EUR;1766084
05.12.2017;85,00;85,82;85,00;85,46;EUR;1462861
06.12.2017;84,69;85,22;83,54;85,06;EUR;1934668
07.12.2017;84,90;85,29;83,96;84,85;EUR;1234105
08.12.2017;84,55;85,96;84,53;85,48;EUR;1793352
11.12.2017;85,57;85,76;85,21;85,49;EUR;887022
12.12.2017;84,71;86,00;84,06;86,00;EUR;1317568
13.12.2017;85,67;86,70;85,57;85,71;EUR;1235097
14.12.2017;85,71;86,62;85,35;86,18;EUR;1502163
15.12.2017;85,87;85,97;85,32;85,95;EUR;2584282
18.12.2017;86,52;87,56;86,41;86,96;EUR;1675383
19.12.2017;86,71;87,78;86,66;87,10;EUR;1083201
20.12.2017;87,28;87,54;86,51;86,93;EUR;1292879
21.12.2017;86,93;88,05;86,82;87,84;EUR;1500394
22.12.2017;87,71;87,71;86,99;87,52;EUR;954800
27.12.2017;87,86;88,22;87,25;87,26;EUR;593335
28.12.2017;87,40;87,40;86,90;87,14;EUR;750441
29.12.2017;87,41;87,41;86,75;86,83;EUR;726308
02.01.2018;86,77;86,82;83,88;86,40;EUR;2673332
03.01.2018;87,00;87,36;86,46;86,86;EUR;1396762
04.01.2018;87,80;88,34;87,38;87,48;EUR;1872794
05.01.2018;87,00;88,74;87,00;88,50;EUR;1911027
08.01.2018;89,15;90,31;89,11;89,67;EUR;2298840
09.01.2018;89,81;90,67;89,66;90,20;EUR;1582875
10.01.2018;89,90;90,17;88,81;89,40;EUR;1775183
11.01.2018;89,40;89,62;87,94;88,69;EUR;1874650
12.01.2018;89,09;89,97;89,02;89,81;EUR;1688266
15.01.2018;89,98;90,04;88,95;89,79;EUR;1147113
16.01.2018;89,99;93,05;89,70;92,64;EUR;3615171
17.01.2018;92,40;93,58;91,81;92,35;EUR;2000833
18.01.2018;92,72;93,77;92,29;93,07;EUR;1825822
19.01.2018;93,50;94,81;93,41;94,68;EUR;2699990
22.01.2018;94,74;96,43;94,58;96,26;EUR;2371524
23.01.2018;97,05;97,50;94,92;95,28;EUR;2066384
24.01.2018;95,75;96,38;94,35;94,35;EUR;1749576
25.01.2018;93,88;94,56;92,27;93,25;EUR;2704983
26.01.2018;92,41;93,89;92,41;93,83;EUR;1476005
29.01.2018;94,00;94,32;93,28;93,54;EUR;1165711
30.01.2018;92,93;93,16;91,89;92,64;EUR;2046851
31.01.2018;92,74;93,59;91,62;91,97;EUR;1810660
01.02.2018;92,14;93,45;90,98;91,50;EUR;2097496
02.02.2018;91,37;91,61;89,39;90,18;EUR;2584355
05.02.2018;89,15;90,49;88,65;89,34;EUR;1778846
06.02.2018;85,54;89,08;85,08;88,13;EUR;3284077
07.02.2018;88,99;89,81;87,95;89,10;EUR;2193123
08.02.2018;88,70;89,31;86,84;87,53;EUR;2281946
09.02.2018;87,19;88,09;85,95;86,64;EUR;2301451
12.02.2018;87,79;88,47;86,90;87,31;EUR;1938620
13.02.2018;87,20;87,31;86,41;86,72;EUR;1202146
14.02.2018;87,37;88,50;85,38;88,00;EUR;2251322
15.02.2018;88,74;88,86;86,77;87,43;EUR;2052578
16.02.2018;87,83;88,59;87,50;88,12;EUR;2078106
19.02.2018;88,33;88,46;87,00;87,28;EUR;1057637
20.02.2018;87,42;87,49;86,09;86,80;EUR;1735358
21.02.2018;86,82;86,87;86,06;86,77;EUR;1227161
22.02.2018;86,00;87,53;85,68;87,22;EUR;1445097
23.02.2018;87,46;88,34;85,77;87,05;EUR;3170037
26.02.2018;87,82;88,20;87,51;87,75;EUR;1760487
27.02.2018;87,98;88,27;86,79;87,70;EUR;1763051
28.02.2018;87,25;87,89;86,40;86,82;EUR;2164993
01.03.2018;86,40;86,84;84,61;85,30;EUR;2413557
02.03.2018;84,42;84,74;83,23;83,97;EUR;2576804
05.03.2018;82,55;83,49;81,82;83,49;EUR;3411179
06.03.2018;84,42;85,00;83,87;84,16;EUR;1786313
07.03.2018;83,71;85,57;83,01;84,86;EUR;1932840
08.03.2018;84,59;85,94;83,74;84,97;EUR;3022154
09.03.2018;84,97;85,61;84,12;85,13;EUR;1563445
12.03.2018;85,75;85,99;85,26;85,71;EUR;1086510
13.03.2018;85,61;86,20;83,86;84,63;EUR;2099901
14.03.2018;84,33;85,21;83,92;84,17;EUR;1410863
15.03.2018;83,50;85,35;83,50;85,12;EUR;2007692
16.03.2018;85,20;86,19;85,20;85,86;EUR;3314005
19.03.2018;85,46;85,83;84,43;85,17;EUR;1543511
20.03.2018;85,37;86,41;84,81;85,99;EUR;2014625
21.03.2018;85,90;87,07;85,24;86,10;EUR;1701219
22.03.2018;86,16;86,64;84,40;85,33;EUR;2086260
23.03.2018;84,50;84,72;83,17;84,18;EUR;2379728
26.03.2018;84,95;86,24;84,42;85,21;EUR;2072813
27.03.2018;86,98;87,49;85,37;85,81;EUR;2598782
28.03.2018;84,50;85,56;83,88;85,56;EUR;2177629
29.03.2018;85,95;88,92;85,73;88,15;EUR;3863673
03.04.2018;87,95;89,22;87,35;88,68;EUR;1964750
04.04.2018;88,89;88,89;86,62;87,41;EUR;2433409
05.04.2018;88,72;89,06;87,73;88,70;EUR;2300732
06.04.2018;88,50;89,40;88,21;88,97;EUR;1519153
09.04.2018;89,50;89,54;87,74;88,34;EUR;1285442
10.04.2018;90,00;90,99;89,77;89,99;EUR;2546726
11.04.2018;89,85;90,06;88,96;89,87;EUR;1606470
12.04.2018;89,82;90,27;89,67;89,93;EUR;1663299
13.04.2018;90,43;91,45;90,14;91,33;EUR;2563552
16.04.2018;91,48;91,59;90,45;90,66;EUR;1378065
17.04.2018;90,65;91,54;90,33;91,22;EUR;1696324
18.04.2018;91,41;91,50;90,21;90,80;EUR;1762344
19.04.2018;91,00;91,18;90,49;90,88;EUR;1054586
20.04.2018;90,70;91,19;90,34;91,02;EUR;2062292
23.04.2018;90,95;91,28;90,42;91,20;EUR;893740
24.04.2018;90,62;91,13;90,18;91,13;EUR;1198737
25.04.2018;90,31;90,74;88,48;89,27;EUR;2601689
26.04.2018;89,45;90,43;89,26;90,39;EUR;1826617
27.04.2018;90,76;91,76;90,53;91,50;EUR;1478294
30.04.2018;91,37;92,47;91,26;92,47;EUR;1469495
02.05.2018;92,50;93,87;92,28;93,09;EUR;1827946
03.05.2018;93,18;93,24;92,08;92,16;EUR;1633660
04.05.2018;91,90;92,16;90,19;91,56;EUR;2154701
07.05.2018;90,99;91,90;90,37;91,56;EUR;1358397
08.05.2018;91,95;92,00;91,53;91,94;EUR;1442881
09.05.2018;91,69;92,57;91,52;91,96;EUR;1464674
10.05.2018;92,20;92,47;91,50;92,36;EUR;1122857
11.05.2018;92,22;92,48;91,85;92,18;EUR;1415910
14.05.2018;92,26;92,35;91,39;91,83;EUR;1302747
15.05.2018;91,68;92,24;91,26;92,17;EUR;1402280
16.05.2018;92,42;92,56;91,94;92,16;EUR;1302623
17.05.2018;92,36;93,65;92,14;93,30;EUR;3055220
18.05.2018;89,34;89,57;88,38;88,57;EUR;3033082
22.05.2018;89,70;91,23;89,28;90,83;EUR;2975893
23.05.2018;90,25;90,80;88,47;89,00;EUR;2098718
24.05.2018;87,40;87,55;85,85;87,50;EUR;3685426
25.05.2018;87,93;88,29;86,57;87,45;EUR;1593244
28.05.2018;87,81;88,25;86,70;87,22;EUR;889027
29.05.2018;86,70;86,70;85,21;86,08;EUR;2349165
30.05.2018;85,95;86,21;85,27;86,20;EUR;1281623
31.05.2018;85,62;86,32;84,90;85,38;EUR;2864005
01.06.2018;85,81;86,68;85,74;85,88;EUR;1640058
04.06.2018;86,50;86,79;86,16;86,20;EUR;1029151
05.06.2018;86,03;87,53;86,03;86,59;EUR;1553102
06.06.2018;86,81;87,20;86,11;87,00;EUR;1237137
07.06.2018;87,00;87,92;86,34;86,63;EUR;1315099
08.06.2018;85,94;85,96;84,94;85,64;EUR;1715634
11.06.2018;85,90;86,20;84,39;85,38;EUR;1430816
12.06.2018;86,07;86,19;84,92;85,30;EUR;1393346
13.06.2018;85,26;85,35;84,46;84,68;EUR;1569056
14.06.2018;84,10;86,65;84,02;86,27;EUR;2261081
15.06.2018;86,51;87,18;85,39;85,74;EUR;3446088
18.06.2018;85,33;85,58;84,19;84,75;EUR;1388980
19.06.2018;83,58;84,37;83,23;84,06;EUR;1808000
20.06.2018;84,31;84,44;83,39;83,68;EUR;1629537
21.06.2018;81,75;82,20;80,73;81,22;EUR;4431697
22.06.2018;80,99;80,99;79,18;80,31;EUR;2758764
25.06.2018;79,72;79,72;78,65;78,85;EUR;2286834
26.06.2018;79,00;79,15;77,29;78,45;EUR;2250569
27.06.2018;78,01;79,76;77,08;78,61;EUR;2643327
28.06.2018;78,37;78,97;77,03;77,56;EUR;2180236
29.06.2018;78,69;79,07;77,56;77,63;EUR;1684309
02.07.2018;77,10;78,51;76,50;77,73;EUR;1723023
03.07.2018;78,22;78,79;77,62;77,70;EUR;1626197
04.07.2018;77,95;78,24;77,55;77,77;EUR;1055663
05.07.2018;79,19;82,33;79,13;80,66;EUR;4320581
06.07.2018;81,67;81,91;79,61;80,20;EUR;2203861
09.07.2018;80,63;80,63;79,49;80,21;EUR;972165
10.07.2018;80,54;80,54;79,76;80,01;EUR;1154715
11.07.2018;79,25;79,60;78,24;78,87;EUR;1715985
12.07.2018;80,60;80,73;79,10;79,37;EUR;1557826
13.07.2018;79,90;80,06;79,31;79,62;EUR;1053721
16.07.2018;79,55;79,98;78,77;79,29;EUR;963914
17.07.2018;79,40;80,33;79,21;80,01;EUR;1171800
18.07.2018;80,80;81,35;80,58;80,80;EUR;1596098
19.07.2018;80,81;81,22;80,20;80,75;EUR;1134812
20.07.2018;80,51;80,58;78,17;79,28;EUR;2831606
23.07.2018;79,00;79,98;78,50;79,93;EUR;1362825
24.07.2018;80,35;82,20;80,25;81,53;EUR;2108128
25.07.2018;81,65;81,67;79,38;79,86;EUR;2520774
26.07.2018;83,73;84,21;81,22;83,39;EUR;3902616
27.07.2018;83,51;84,48;82,45;82,91;EUR;1942834
30.07.2018;82,32;83,12;82,19;82,97;EUR;1008836
31.07.2018;82,35;83,39;81,97;82,69;EUR;2149877
01.08.2018;83,74;83,74;80,88;81,50;EUR;2560371
02.08.2018;80,50;81,66;79,22;81,18;EUR;2774645
03.08.2018;81,55;83,02;81,34;82,34;EUR;1932126
06.08.2018;82,98;84,38;82,76;83,51;EUR;1685798
07.08.2018;83,83;84,79;83,82;84,05;EUR;1439706
08.08.2018;83,70;84,68;83,38;84,48;EUR;1431088
09.08.2018;84,19;85,42;84,08;84,81;EUR;1393277
10.08.2018;85,00;85,00;82,90;83,58;EUR;2074116
13.08.2018;83,80;84,02;83,28;83,29;EUR;1204817
14.08.2018;83,51;83,75;81,92;82,45;EUR;1377277
15.08.2018;82,76;83,15;80,79;81,31;EUR;1855102
16.08.2018;81,90;82,15;81,30;81,80;EUR;1272228
17.08.2018;81,64;81,78;80,46;81,41;EUR;1415425
20.08.2018;81,71;82,45;81,33;81,75;EUR;1128134
21.08.2018;82,04;83,15;81,56;82,93;EUR;1871873
22.08.2018;82,78;83,66;81,18;82,29;EUR;2081932
23.08.2018;82,07;82,22;80,92;81,08;EUR;1647901
24.08.2018;81,09;81,58;80,76;81,29;EUR;1009129
27.08.2018;82,10;83,33;82,00;83,19;EUR;1772323
28.08.2018;83,64;85,22;83,52;84,39;EUR;1976748
29.08.2018;84,72;84,79;83,52;84,23;EUR;1050776
30.08.2018;84,18;85,75;83,17;84,60;EUR;1848549
31.08.2018;83,66;83,98;83,21;83,41;EUR;1853265
03.09.2018;82,95;83,00;82,15;82,79;EUR;1146980
04.09.2018;83,05;83,05;81,44;81,88;EUR;1574985
05.09.2018;81,70;82,11;81,03;81,25;EUR;1615229
06.09.2018;81,10;81,84;80,43;80,73;EUR;1737455
07.09.2018;80,74;81,19;80,46;81,07;EUR;1155513
10.09.2018;81,00;81,50;80,53;81,10;EUR;1015191
11.09.2018;81,38;81,38;80,18;80,76;EUR;1081649
12.09.2018;80,90;81,45;80,37;81,32;EUR;1346307
13.09.2018;81,35;83,35;81,35;82,47;EUR;1880341
14.09.2018;83,00;83,25;82,42;82,93;EUR;1395628
17.09.2018;82,29;83,05;81,52;82,54;EUR;1555965
18.09.2018;82,87;83,81;82,26;82,67;EUR;1957614
19.09.2018;82,67;83,82;82,56;83,54;EUR;1555040
20.09.2018;83,17;85,48;83,17;85,32;EUR;2570524
21.09.2018;86,13;86,74;85,26;85,77;EUR;4350959
24.09.2018;85,34;85,40;83,40;83,50;EUR;2303604
25.09.2018;83,40;83,73;78,51;79,00;EUR;6446086
26.09.2018;78,22;79,03;76,67;79,03;EUR;3453388
27.09.2018;78,40;79,16;77,99;79,00;EUR;2021708
28.09.2018;78,42;78,51;77,32;77,71;EUR;2785236
01.10.2018;77,94;78,70;77,40;78,14;EUR;1561578
02.10.2018;77,95;79,44;77,65;78,70;EUR;1894977
04.10.2018;78,24;78,99;77,64;78,26;EUR;1908798
05.10.2018;78,00;78,14;77,24;77,68;EUR;1568319
08.10.2018;77,30;77,56;76,72;76,87;EUR;1257138
09.10.2018;76,79;76,81;75,66;76,39;EUR;1639757
10.10.2018;76,58;76,59;75,12;75,35;EUR;2244337
11.10.2018;74,03;75,21;73,45;74,30;EUR;3193410
12.10.2018;75,00;75,52;74,30;74,49;EUR;1759983
15.10.2018;74,85;75,86;73,80;75,21;EUR;1571837
16.10.2018;75,29;75,98;74,67;75,75;EUR;1699003
17.10.2018;76,08;76,36;74,65;75,24;EUR;1385461
18.10.2018;75,40;76,40;75,06;75,13;EUR;1212501
19.10.2018;74,88;75,20;73,08;74,64;EUR;3589651
22.10.2018;75,27;76,02;74,07;74,44;EUR;1566574
23.10.2018;73,61;74,53;72,85;73,50;EUR;2575794
24.10.2018;73,76;74,09;72,41;72,69;EUR;2310612
25.10.2018;72,15;74,97;71,79;74,50;EUR;2813362
26.10.2018;73,80;75,02;73,45;75,02;EUR;2465917
29.10.2018;75,48;79,38;75,33;76,40;EUR;3653380
30.10.2018;77,00;77,26;75,66;76,34;EUR;1932217
31.10.2018;77,26;77,60;76,21;76,23;EUR;2200260
01.11.2018;76,52;77,66;76,00;76,79;EUR;1659432
02.11.2018;78,05;79,12;77,67;77,74;EUR;2425412
05.11.2018;77,60;78,12;77,23;77,23;EUR;1325843
06.11.2018;77,23;77,40;76,42;76,92;EUR;1357676
07.11.2018;74,61;76,15;73,60;74,26;EUR;3911224
08.11.2018;74,31;74,60;72,87;73,86;EUR;2407914
09.11.2018;73,33;74,05;72,32;73,36;EUR;2200595
12.11.2018;73,81;73,96;72,27;72,53;EUR;1566238
13.11.2018;72,32;74,06;72,20;73,90;EUR;2107935
14.11.2018;74,58;76,37;74,20;74,66;EUR;2677272
15.11.2018;74,06;74,39;73,00;74,20;EUR;2644968
16.11.2018;74,56;75,12;73,07;73,74;EUR;1941853
19.11.2018;74,02;74,83;73,98;74,18;EUR;1711054
20.11.2018;74,07;74,30;73,08;73,69;EUR;1624218
21.11.2018;74,05;74,62;73,41;74,32;EUR;2035275
22.11.2018;74,09;74,14;73,12;73,62;EUR;1040962
23.11.2018;73,49;74,00;73,07;73,49;EUR;952777
26.11.2018;73,83;75,52;73,75;74,87;EUR;1548836
27.11.2018;75,18;75,24;73,21;73,87;EUR;1941777
28.11.2018;74,20;74,54;73,31;73,74;EUR;1380720
29.11.2018;73,94;74,13;72,32;72,85;EUR;1974610
30.11.2018;72,84;73,08;71,36;72,21;EUR;2245761
03.12.2018;76,70;77,56;75,01;75,66;EUR;4691686
04.12.2018;75,01;75,49;73,65;74,43;EUR;2090935
05.12.2018;73,84;75,09;73,52;74,16;EUR;1451914
06.12.2018;73,40;73,84;71,62;72,07;EUR;2981527
07.12.2018;72,07;72,65;71,14;71,71;EUR;1885183
10.12.2018;71,00;71,29;69,64;70,10;EUR;2409172
11.12.2018;70,10;72,80;70,06;71,38;EUR;2764437
12.12.2018;71,96;73,21;71,44;72,77;EUR;2218925
13.12.2018;73,24;74,83;73,23;74,18;EUR;2262635
14.12.2018;73,00;74,75;72,37;74,27;EUR;2051889
17.12.2018;74,30;74,95;73,24;74,00;EUR;1394876
18.12.2018;73,60;75,07;73,14;73,47;EUR;1950796
19.12.2018;73,74;74,30;73,41;73,45;EUR;1582367
20.12.2018;72,74;72,90;71,65;71,84;EUR;2950979
21.12.2018;71,42;72,04;70,23;71,93;EUR;4978117
27.12.2018;71,78;72,16;69,12;69,86;EUR;1828170
28.12.2018;70,35;70,76;70,21;70,70;EUR;1031948
02.01.2019;70,63;70,66;68,79;69,74;EUR;1429230
03.01.2019;69,22;69,81;69,02;69,05;EUR;1426463
04.01.2019;69,80;71,77;69,64;71,71;EUR;1857639
07.01.2019;71,75;72,32;71,27;72,12;EUR;1238553
08.01.2019;71,85;73,68;71,28;72,21;EUR;1865750
09.01.2019;73,08;73,78;72,32;72,95;EUR;1921526
10.01.2019;72,40;72,89;71,87;72,53;EUR;1569810
11.01.2019;72,40;72,84;70,63;71,83;EUR;2009338
14.01.2019;71,03;72,30;71,03;71,59;EUR;1360714
15.01.2019;72,10;73,23;71,13;71,62;EUR;1446376
16.01.2019;71,65;71,81;71,05;71,53;EUR;1296314
17.01.2019;70,89;71,43;70,19;71,26;EUR;1319472
18.01.2019;71,86;73,62;71,75;73,34;EUR;2590438
21.01.2019;73,50;73,59;72,71;73,03;EUR;739929
22.01.2019;72,48;72,95;72,30;72,73;EUR;1068277
23.01.2019;72,00;72,59;71,62;72,23;EUR;1380855
24.01.2019;72,15;73,12;71,90;73,12;EUR;1419799
25.01.2019;73,50;74,75;73,50;74,35;EUR;2173838
28.01.2019;74,31;74,47;73,57;73,98;EUR;1335145
29.01.2019;73,55;74,45;73,01;73,85;EUR;1115739
30.01.2019;73,90;74,14;73,09;73,33;EUR;1187607
31.01.2019;74,21;74,62;72,36;73,46;EUR;1648320
01.02.2019;73,75;74,47;73,28;74,14;EUR;1529328
04.02.2019;73,99;74,25;72,86;73,24;EUR;1527571
05.02.2019;73,61;73,73;73,00;73,61;EUR;1579217
06.02.2019;73,39;73,79;72,89;73,65;EUR;1290915
07.02.2019;73,20;73,42;71,22;71,22;EUR;2602996
08.02.2019;70,69;70,88;69,01;69,53;EUR;2549287
11.02.2019;69,61;69,99;68,57;69,41;EUR;1964372
12.02.2019;69,95;70,36;69,17;69,91;EUR;1725806
13.02.2019;70,50;70,62;69,68;70,39;EUR;1785637
14.02.2019;71,00;71,11;69,34;69,35;EUR;1847105
15.02.2019;69,10;71,16;68,11;70,77;EUR;2744797
18.02.2019;70,20;71,02;69,96;70,59;EUR;1095834
19.02.2019;70,24;71,20;70,09;71,04;EUR;1136405
20.02.2019;71,11;73,25;71,11;72,51;EUR;2063029
21.02.2019;72,55;73,40;72,47;73,12;EUR;1637768
22.02.2019;72,97;73,75;72,81;73,13;EUR;1312550
25.02.2019;73,79;74,44;73,40;73,70;EUR;1786026
26.02.2019;73,24;74,24;72,91;74,00;EUR;1437733
27.02.2019;73,69;74,43;73,50;74,24;EUR;1158100
28.02.2019;73,88;74,45;73,59;74,31;EUR;1118481
01.03.2019;74,90;75,54;74,63;74,75;EUR;1458575
04.03.2019;75,33;75,40;74,57;74,67;EUR;990670
05.03.2019;74,50;75,16;74,40;75,06;EUR;1167940
06.03.2019;74,21;74,81;73,61;74,53;EUR;1277239
07.03.2019;73,80;73,81;72,30;73,09;EUR;1980823
08.03.2019;72,00;72,23;71,41;72,16;EUR;1634876
11.03.2019;72,25;73,23;71,92;73,18;EUR;1357029
12.03.2019;73,70;73,94;72,76;73,10;EUR;1243429
13.03.2019;72,84;73,77;72,83;73,63;EUR;1117529
14.03.2019;73,74;74,71;73,51;73,78;EUR;1541976
15.03.2019;74,22;75,18;72,77;74,09;EUR;4131566
18.03.2019;74,30;74,42;73,90;74,17;EUR;954628
19.03.2019;74,14;76,50;74,10;75,72;EUR;1907389
20.03.2019;75,91;75,91;71,28;71,98;EUR;4291080
21.03.2019;71,81;72,39;70,83;71,15;EUR;1763972
22.03.2019;71,25;71,42;69,18;69,60;EUR;3025563
25.03.2019;69,00;69,69;68,78;68,92;EUR;1544865
26.03.2019;68,89;68,93;67,91;67,91;EUR;2153100
27.03.2019;68,50;68,95;67,73;68,23;EUR;1876013
28.03.2019;67,99;68,59;67,74;67,89;EUR;1416893
29.03.2019;68,46;68,99;68,06;68,75;EUR;1887263
01.04.2019;69,64;70,63;69,59;69,70;EUR;2396741
02.04.2019;69,73;71,92;69,68;71,25;EUR;2622991
03.04.2019;72,10;72,87;72,00;72,58;EUR;2166661
04.04.2019;72,25;73,85;72,15;73,34;EUR;2168174
05.04.2019;73,47;74,14;73,47;73,79;EUR;1427259
08.04.2019;72,39;73,73;72,29;73,57;EUR;1325909
09.04.2019;73,13;74,06;72,89;73,20;EUR;1281897
10.04.2019;72,94;73,58;72,89;73,19;EUR;1264318
11.04.2019;73,33;73,84;72,77;73,51;EUR;1287851
12.04.2019;73,00;75,54;72,64;75,29;EUR;2612728
15.04.2019;75,13;75,99;74,91;75,65;EUR;1175155
16.04.2019;76,00;76,68;75,73;76,40;EUR;1587145
17.04.2019;77,10;78,04;76,31;77,25;EUR;2357190
18.04.2019;77,20;78,30;76,85;77,75;EUR;2868292
23.04.2019;77,75;78,19;77,41;77,50;EUR;1139985
24.04.2019;76,40;77,27;75,89;76,47;EUR;1779199
25.04.2019;76,32;76,56;75,77;75,78;EUR;1453960
26.04.2019;75,91;76,46;75,57;76,20;EUR;1289602
29.04.2019;76,16;76,76;75,79;75,89;EUR;899246
30.04.2019;75,51;75,90;75,19;75,90;EUR;1217765
02.05.2019;75,69;76,78;75,48;75,80;EUR;1694344
03.05.2019;75,53;75,80;75,26;75,67;EUR;1047600
06.05.2019;73,02;74,02;72,16;74,00;EUR;2560420
07.05.2019;73,50;73,75;71,43;72,28;EUR;2524460
08.05.2019;71,61;71,80;69,91;71,38;EUR;2863706
09.05.2019;70,91;70,98;68,69;69,30;EUR;3095227
10.05.2019;69,88;70,12;68,64;68,87;EUR;3311601
13.05.2019;68,80;68,80;67,03;68,06;EUR;2857093
14.05.2019;68,67;68,70;67,42;67,88;EUR;2065886
15.05.2019;68,30;71,30;66,53;70,00;EUR;4082038
16.05.2019;70,04;70,57;68,93;69,80;EUR;3459647
17.05.2019;66,53;66,69;65,07;66,16;EUR;3285738
20.05.2019;66,26;66,49;64,21;64,81;EUR;2335299
21.05.2019;65,08;65,58;64,26;64,63;EUR;1678585
22.05.2019;64,73;64,95;63,46;64,23;EUR;1972263
23.05.2019;63,23;63,66;62,76;63,39;EUR;2323587
24.05.2019;64,03;64,33;63,33;63,47;EUR;1678062
27.05.2019;64,55;64,98;63,34;63,76;EUR;1328854
28.05.2019;64,00;64,60;63,60;63,84;EUR;1653216
29.05.2019;63,23;63,46;62,88;63,15;EUR;1499372
30.05.2019;63,32;63,65;62,86;63,05;EUR;799538
31.05.2019;61,82;62,15;61,41;62,02;EUR;2000917
03.06.2019;61,70;61,88;61,14;61,64;EUR;1838410
04.06.2019;61,56;63,71;61,32;63,43;EUR;2567653
05.06.2019;63,43;63,59;62,33;63,02;EUR;1484186
06.06.2019;62,65;63,26;61,73;62,34;EUR;1947794
07.06.2019;62,72;62,79;62,01;62,32;EUR;1249390
11.06.2019;62,83;63,68;62,30;62,98;EUR;1922832
12.06.2019;62,59;62,93;62,40;62,64;EUR;1230534
13.06.2019;62,30;63,05;61,85;62,78;EUR;1198900
14.06.2019;62,58;62,66;62,04;62,46;EUR;1115793
17.06.2019;62,63;62,86;62,10;62,10;EUR;1211681
18.06.2019;62,35;63,93;61,66;63,61;EUR;2545539
19.06.2019;63,51;64,50;63,40;64,20;EUR;1348744
20.06.2019;64,68;65,03;64,41;64,56;EUR;1722902
21.06.2019;64,50;64,78;64,25;64,44;EUR;3721158
24.06.2019;64,10;64,22;63,34;63,64;EUR;1857142
25.06.2019;63,30;63,66;63,06;63,15;EUR;1400333
26.06.2019;62,81;64,75;62,77;64,57;EUR;2259169
27.06.2019;64,61;65,62;64,61;64,85;EUR;2436122
28.06.2019;65,16;65,33;64,39;65,09;EUR;2059202
01.07.2019;66,52;67,04;65,10;65,10;EUR;2156223
02.07.2019;65,21;65,75;64,72;65,33;EUR;1360771
03.07.2019;65,42;66,63;65,18;66,61;EUR;2094683
04.07.2019;66,44;67,47;66,44;67,11;EUR;1641200
05.07.2019;67,29;67,41;66,59;67,05;EUR;1332435
08.07.2019;66,61;67,41;66,48;66,70;EUR;1091683
09.07.2019;66,35;66,50;65,25;66,17;EUR;1823803
10.07.2019;65,59;66,21;65,49;65,65;EUR;1386605
11.07.2019;65,75;65,91;64,97;65,24;EUR;1354084
12.07.2019;64,26;66,56;64,24;65,89;EUR;2408683
15.07.2019;66,17;67,16;66,16;66,66;EUR;1620709
16.07.2019;66,65;67,19;66,48;67,12;EUR;1356106
17.07.2019;67,01;67,15;66,35;66,35;EUR;1025202
18.07.2019;66,15;66,43;65,76;66,15;EUR;1339503
19.07.2019;66,41;67,33;66,39;66,57;EUR;1642181
22.07.2019;66,66;67,01;66,47;66,77;EUR;844578
23.07.2019;67,47;70,00;67,35;69,34;EUR;3530566
24.07.2019;69,18;70,39;68,51;70,01;EUR;2056967
25.07.2019;70,30;70,56;68,05;68,95;EUR;2011871
26.07.2019;69,27;69,31;68,42;68,67;EUR;1265670
29.07.2019;68,34;68,35;67,84;68,29;EUR;908630
30.07.2019;68,54;68,54;66,63;67,11;EUR;1560448
31.07.2019;67,11;67,32;66,66;66,83;EUR;1494495
01.08.2019;67,00;67,97;66,90;67,49;EUR;1545801
02.08.2019;65,80;66,19;63,70;64,65;EUR;3893077
05.08.2019;63,30;64,03;62,69;63,34;EUR;2151237
06.08.2019;63,35;63,61;62,26;62,26;EUR;1779024
07.08.2019;62,70;63,17;61,58;62,11;EUR;1702435
08.08.2019;62,84;62,84;62,00;62,53;EUR;1346719
09.08.2019;62,20;62,35;60,62;61,03;EUR;2253975
12.08.2019;61,26;61,71;60,50;60,83;EUR;1084603
13.08.2019;60,50;62,04;59,60;61,04;EUR;2178685
14.08.2019;61,10;61,10;59,30;59,60;EUR;1972805
15.08.2019;59,76;59,80;58,04;58,82;EUR;1934815
16.08.2019;59,02;59,64;58,86;59,56;EUR;1625628
19.08.2019;60,23;60,78;59,89;60,36;EUR;1283004
20.08.2019;60,35;60,58;59,56;59,74;EUR;1009171
21.08.2019;59,79;61,08;59,77;60,59;EUR;1230630
22.08.2019;60,32;61,18;60,18;60,61;EUR;1095714
23.08.2019;60,81;61,21;58,61;58,70;EUR;2753250
26.08.2019;58,81;59,85;58,51;59,57;EUR;1613088
27.08.2019;59,68;60,39;59,27;59,49;EUR;1777471
28.08.2019;59,49;59,74;58,75;59,72;EUR;1292671
29.08.2019;59,58;60,34;59,35;60,17;EUR;986990
30.08.2019;60,14;61,21;60,14;60,81;EUR;1305155
02.09.2019;60,50;60,82;60,31;60,53;EUR;653443
03.09.2019;60,40;60,68;60,01;60,40;EUR;1149468
04.09.2019;61,20;61,60;61,00;61,09;EUR;1245575
05.09.2019;61,90;62,65;61,70;62,32;EUR;1575151
06.09.2019;62,57;63,11;61,74;62,32;EUR;1815948
09.09.2019;62,24;63,25;62,16;63,22;EUR;1478796
10.09.2019;63,31;64,43;63,25;63,77;EUR;1713536
11.09.2019;64,20;64,69;63,49;63,81;EUR;1587322
12.09.2019;63,73;64,88;63,72;64,64;EUR;2105544
13.09.2019;64,62;65,62;64,62;65,06;EUR;1900375
16.09.2019;64,37;65,26;64,26;65,10;EUR;1241317
17.09.2019;64,79;64,87;63,54;64,53;EUR;1599792
18.09.2019;64,53;64,87;64,24;64,55;EUR;860078
19.09.2019;64,50;65,09;64,17;64,99;EUR;1288454
20.09.2019;65,12;65,59;64,94;65,15;EUR;2805109
23.09.2019;64,87;64,88;63,48;64,00;EUR;1684528
24.09.2019;64,01;64,25;63,58;63,68;EUR;1141691
25.09.2019;63,35;63,93;62,55;63,38;EUR;1429563
26.09.2019;63,24;63,79;62,99;63,09;EUR;854203
27.09.2019;63,23;63,98;63,16;63,89;EUR;995694
30.09.2019;63,78;64,72;63,66;64,59;EUR;1376059
01.10.2019;64,90;65,72;64,32;64,38;EUR;1490390
02.10.2019;64,18;64,42;63,02;63,16;EUR;1812509
04.10.2019;63,15;63,15;61,61;62,39;EUR;2081126
07.10.2019;62,04;62,68;61,40;62,68;EUR;920763
08.10.2019;62,89;62,98;61,37;61,86;EUR;1279594
09.10.2019;61,87;62,65;61,43;62,35;EUR;963927
10.10.2019;62,52;63,52;62,32;63,23;EUR;1879248
11.10.2019;63,36;64,97;63,12;64,78;EUR;1873353
14.10.2019;64,70;65,02;63,96;64,91;EUR;1130261
15.10.2019;65,43;66,89;65,08;66,63;EUR;2022085
16.10.2019;66,69;67,63;66,55;67,13;EUR;2049837
17.10.2019;66,90;68,73;66,79;67,91;EUR;2431903
18.10.2019;67,17;68,11;66,87;67,41;EUR;1787929
21.10.2019;67,46;68,31;67,46;67,84;EUR;1091764
22.10.2019;67,97;68,53;67,84;68,47;EUR;1444956
23.10.2019;68,02;69,11;67,90;68,66;EUR;1364209
24.10.2019;69,00;70,15;68,94;69,03;EUR;1649269
25.10.2019;69,02;69,68;68,71;69,43;EUR;1431448
28.10.2019;69,60;70,54;69,56;69,89;EUR;1214530
29.10.2019;69,90;70,17;69,37;69,83;EUR;1153752
30.10.2019;69,83;70,30;68,81;69,29;EUR;1372249
31.10.2019;69,52;69,84;67,96;68,71;EUR;1892386
01.11.2019;68,89;69,70;68,69;69,44;EUR;1420786
04.11.2019;70,90;71,71;70,39;71,60;EUR;2670336
05.11.2019;71,85;73,17;71,73;72,80;EUR;2576811
06.11.2019;72,80;73,63;71,65;73,51;EUR;2090113
07.11.2019;74,09;75,18;74,00;74,45;EUR;2362035
08.11.2019;74,65;75,51;74,38;75,04;EUR;2154769
11.11.2019;74,57;75,23;74,18;75,03;EUR;1308208
12.11.2019;75,20;75,88;74,87;74,87;EUR;1123366
13.11.2019;74,34;74,56;73,05;73,66;EUR;1481974
14.11.2019;73,24;73,75;72,73;73,41;EUR;1506830
15.11.2019;73,89;74,58;73,66;74,55;EUR;1851755
18.11.2019;74,79;74,95;72,76;73,18;EUR;1471946
19.11.2019;73,47;74,45;73,15;73,52;EUR;1160623
20.11.2019;73,20;73,39;72,43;73,32;EUR;1060253
21.11.2019;73,32;73,71;72,84;73,60;EUR;1174463
22.11.2019;73,69;74,42;73,49;74,07;EUR;1397188
25.11.2019;74,50;75,00;74,02;74,18;EUR;754308
26.11.2019;73,90;74,15;73,64;73,81;EUR;1221059
27.11.2019;74,01;74,86;73,61;74,74;EUR;1166247
28.11.2019;74,58;74,58;73,32;73,62;EUR;906092
29.11.2019;73,10;73,66;72,98;73,30;EUR;823346
02.12.2019;73,39;73,87;71,70;71,91;EUR;2001882
03.12.2019;72,20;72,62;71,31;71,81;EUR;1405688
04.12.2019;71,53;73,13;71,53;72,76;EUR;1143739
05.12.2019;73,00;73,67;72,81;72,81;EUR;908562
06.12.2019;73,05;73,93;72,91;73,79;EUR;1007452
09.12.2019;73,74;74,04;73,14;73,18;EUR;997359
10.12.2019;72,73;73,33;71,91;73,20;EUR;1237434
11.12.2019;73,19;74,31;73,10;74,21;EUR;1257742
12.12.2019;74,50;75,18;73,76;74,81;EUR;1558232
13.12.2019;76,01;77,06;75,70;75,87;EUR;2872500
16.12.2019;75,94;76,24;75,15;75,89;EUR;1090555
17.12.2019;75,91;76,07;74,92;74,99;EUR;1688854
18.12.2019;74,78;75,24;74,71;75,16;EUR;1281740
19.12.2019;75,05;75,26;73,54;74,10;EUR;1770646
20.12.2019;74,00;74,57;73,88;74,15;EUR;3441130
23.12.2019;73,96;74,11;73,16;73,54;EUR;910739
27.12.2019;73,63;73,99;73,48;73,51;EUR;793381
30.12.2019;73,21;73,40;72,99;73,14;EUR;467282
02.01.2020;73,14;74,63;73,06;74,22;EUR;1232319
03.01.2020;73,73;73,83;72,33;73,32;EUR;1153245
06.01.2020;72,83;73,05;72,04;73,05;EUR;1039192
07.01.2020;73,60;74,32;73,34;74,22;EUR;1302124
08.01.2020;73,94;74,50;73,75;74,41;EUR;941807
09.01.2020;75,10;75,35;74,36;74,36;EUR;1391131
10.01.2020;74,49;74,96;74,22;74,57;EUR;1102138
13.01.2020;74,70;74,81;73,39;73,63;EUR;884147
14.01.2020;73,74;73,82;73,06;73,30;EUR;979352
15.01.2020;73,09;73,27;71,78;72,19;EUR;1607651
16.01.2020;72,19;72,46;70,57;71,17;EUR;1730300
17.01.2020;71,69;71,95;70,91;71,06;EUR;2112839
20.01.2020;70,92;71,86;70,82;71,64;EUR;837922
21.01.2020;71,39;72,00;70,93;71,41;EUR;888947
22.01.2020;71,55;72,62;69,52;70,95;EUR;1755064
23.01.2020;70,55;70,90;69,44;69,69;EUR;1472242
24.01.2020;70,10;70,32;69,37;69,41;EUR;1281775
27.01.2020;68,50;68,80;67,57;67,70;EUR;1828640
28.01.2020;67,59;67,73;66,33;66,82;EUR;2112085
29.01.2020;66,82;67,24;66,22;66,55;EUR;1456090
30.01.2020;66,00;66,40;65,26;65,56;EUR;1995833
31.01.2020;65,60;65,68;64,21;64,34;EUR;2069682
03.02.2020;64,34;64,75;63,90;64,38;EUR;1818370
04.02.2020;64,53;65,21;63,96;64,95;EUR;1938049
05.02.2020;65,10;66,57;64,59;66,22;EUR;2017296
06.02.2020;66,76;67,28;66,11;66,33;EUR;1618304
07.02.2020;65,90;65,90;64,19;64,69;EUR;2438775
10.02.2020;64,53;64,92;63,58;63,81;EUR;1969048
11.02.2020;64,28;65,27;63,98;64,41;EUR;2075594
12.02.2020;64,80;67,07;64,68;67,07;EUR;2590748
13.02.2020;66,70;66,73;65,96;66,59;EUR;1643472
14.02.2020;66,50;67,16;65,78;65,86;EUR;1456966
17.02.2020;66,39;67,15;66,31;66,51;EUR;1298707
18.02.2020;65,85;66,17;65,20;65,20;EUR;1359236
19.02.2020;65,67;65,97;64,51;65,45;EUR;1326708
20.02.2020;65,50;66,43;65,02;65,31;EUR;1793835
21.02.2020;65,06;65,50;64,08;64,51;EUR;2005662
24.02.2020;63,00;63,10;60,61;61,44;EUR;3729450
25.02.2020;61,99;62,32;60,59;61,03;EUR;2409281
26.02.2020;60,76;62,24;59,93;61,78;EUR;3322283
27.02.2020;60,47;60,90;59,06;59,84;EUR;3225348
28.02.2020;57,74;58,93;57,16;58,93;EUR;5834942
02.03.2020;59,40;59,60;56,99;58,00;EUR;3315364
03.03.2020;58,50;59,29;57,40;57,76;EUR;4135929
04.03.2020;57,96;59,05;57,46;58,57;EUR;2320426
05.03.2020;58,82;58,91;57,50;58,07;EUR;2447364
06.03.2020;56,73;57,78;56,07;57,22;EUR;3189387
09.03.2020;54,00;54,36;51,00;51,02;EUR;5395201
10.03.2020;51,51;54,15;50,07;50,33;EUR;4299614
11.03.2020;51,18;53,05;50,26;50,65;EUR;3245931
12.03.2020;47,36;48,30;43,30;44,08;EUR;6712618
13.03.2020;45,91;49,29;44,06;45,42;EUR;6324387
16.03.2020;42,42;43,05;39,33;40,09;EUR;6612181
17.03.2020;41,60;42,13;37,89;40,36;EUR;3975016
18.03.2020;38,98;39,52;36,80;39,14;EUR;4654563
19.03.2020;38,94;40,08;36,60;37,66;EUR;4697097
20.03.2020;39,13;41,63;39,00;41,37;EUR;6491031
23.03.2020;39,45;41,04;38,50;39,80;EUR;4318784
24.03.2020;42,00;45,56;41,53;45,56;EUR;4628692
25.03.2020;47,47;48,78;44,46;46,75;EUR;3669902
26.03.2020;45,50;47,48;45,11;47,30;EUR;2612333
27.03.2020;46,18;46,49;45,13;45,52;EUR;2554659
30.03.2020;45,85;46,26;43,93;45,73;EUR;2283311
31.03.2020;46,20;47,80;45,66;47,12;EUR;2546075
01.04.2020;45,51;45,53;44,09;44,39;EUR;2362849
02.04.2020;45,18;46,85;43,61;44,87;EUR;2633606
03.04.2020;44,50;45,50;44,03;44,75;EUR;4331430
06.04.2020;47,50;48,77;46,54;48,56;EUR;2883526
07.04.2020;50,55;51,92;48,66;49,72;EUR;2625937
08.04.2020;49,55;50,12;48,67;49,16;EUR;2262731
09.04.2020;50,14;51,59;49,25;50,82;EUR;2485969
14.04.2020;51,70;52,27;50,99;51,36;EUR;1909198
15.04.2020;51,50;51,50;48,59;48,59;EUR;2469060
16.04.2020;49,29;50,36;48,51;49,34;EUR;2335152
17.04.2020;51,30;53,03;51,19;51,91;EUR;3906817
20.04.2020;52,42;52,75;50,01;51,37;EUR;2159543
21.04.2020;50,41;50,48;48,56;48,56;EUR;1857083
22.04.2020;48,91;49,29;48,48;49,02;EUR;1533538
23.04.2020;49,32;50,73;48,67;50,27;EUR;1688589
24.04.2020;49,40;49,97;48,51;48,66;EUR;1669671
27.04.2020;50,05;51,20;49,36;51,20;EUR;1828072
28.04.2020;51,23;53,24;51,09;52,61;EUR;2126371
29.04.2020;52,90;56,17;52,60;55,67;EUR;2842964
30.04.2020;56,49;57,26;53,75;54,05;EUR;2625725
04.05.2020;52,30;52,53;51,01;51,57;EUR;2623809
05.05.2020;52,66;54,04;52,40;53,51;EUR;1947394
06.05.2020;52,44;52,50;50,03;50,62;EUR;3079088
07.05.2020;50,87;51,11;49,05;49,37;EUR;2708186
08.05.2020;49,70;51,42;49,58;51,42;EUR;2197345
11.05.2020;52,03;52,53;51,03;51,37;EUR;2401288
12.05.2020;51,05;51,55;50,74;50,86;EUR;1539118
13.05.2020;50,00;50,66;48,53;48,73;EUR;2671455
14.05.2020;47,90;48,23;45,77;47,08;EUR;4025076
15.05.2020;45,30;47,02;45,30;46,65;EUR;3502835
18.05.2020;47,63;50,33;47,56;50,25;EUR;2765408
19.05.2020;51,20;51,31;49,05;50,05;EUR;2315191
20.05.2020;49,99;51,02;48,87;50,85;EUR;1641527
21.05.2020;50,40;51,11;49,71;50,07;EUR;1347915
22.05.2020;49,25;50,87;48,74;50,08;EUR;1369506
25.05.2020;50,76;50,79;49,08;50,29;EUR;1796645
26.05.2020;50,74;51,87;50,10;51,87;EUR;2720565
27.05.2020;52,00;55,81;51,78;54,39;EUR;4266200
28.05.2020;55,25;55,37;53,22;54,00;EUR;2340231
29.05.2020;52,74;53,50;52,28;52,60;EUR;3477078
02.06.2020;54,61;56,05;54,23;55,35;EUR;2911717
03.06.2020;56,13;58,20;55,82;57,98;EUR;2928586
04.06.2020;57,19;58,42;56,23;58,07;EUR;2655148
05.06.2020;58,85;60,33;58,68;59,50;EUR;4307916
08.06.2020;59,23;61,82;59,15;60,68;EUR;2789528
09.06.2020;60,95;61,53;58,00;59,41;EUR;2856264
10.06.2020;59,97;60,54;58,27;58,89;EUR;2191842
11.06.2020;57,21;57,39;55,54;55,62;EUR;3214148
12.06.2020;55,01;57,68;54,71;56,15;EUR;2348746
15.06.2020;54,11;56,20;53,85;55,95;EUR;1887970
16.06.2020;57,86;58,07;56,00;57,07;EUR;2628679
17.06.2020;57,00;57,96;56,50;57,26;EUR;1759639
18.06.2020;57,27;58,20;56,47;57,11;EUR;2039514
19.06.2020;57,47;57,98;56,55;56,93;EUR;3912795
22.06.2020;56,21;58,16;56,06;57,36;EUR;1442690
23.06.2020;57,96;59,60;57,52;58,41;EUR;2185453
24.06.2020;58,28;58,93;56,18;56,18;EUR;1797898
25.06.2020;55,82;57,41;55,34;57,08;EUR;1722272
26.06.2020;57,81;57,86;55,49;55,77;EUR;1953166
29.06.2020;55,54;56,84;55,34;56,71;EUR;1859116
30.06.2020;56,80;57,12;55,72;56,82;EUR;2049620
01.07.2020;57,29;57,29;55,64;56,20;EUR;1618381
02.07.2020;56,94;58,88;56,64;57,95;EUR;2018441
03.07.2020;58,21;58,55;57,01;57,26;EUR;903202
06.07.2020;58,95;59,68;57,73;58,46;EUR;1512797
07.07.2020;58,31;59,28;57,76;58,65;EUR;1505768
08.07.2020;58,27;59,19;57,86;58,02;EUR;1362427
09.07.2020;58,61;58,99;57,28;57,44;EUR;1231470
10.07.2020;57,25;58,70;56,82;58,69;EUR;1532862
13.07.2020;59,60;59,93;58,31;58,80;EUR;1073725
14.07.2020;57,92;58,51;57,34;57,93;EUR;1371809
15.07.2020;58,33;59,11;58,05;58,61;EUR;1465863
16.07.2020;58,17;59,09;58,14;58,77;EUR;999456
17.07.2020;59,95;60,69;59,50;59,73;EUR;1858811
20.07.2020;59,59;59,68;58,61;59,10;EUR;1314311
21.07.2020;60,00;61,72;59,80;60,82;EUR;2151595
22.07.2020;60,71;61,07;59,58;59,94;EUR;1255270
23.07.2020;60,80;62,40;60,70;61,15;EUR;2012658
24.07.2020;60,60;60,84;59,91;60,22;EUR;1595443
27.07.2020;60,10;60,59;59,68;59,75;EUR;931048
28.07.2020;59,97;60,53;59,47;59,80;EUR;1163934
29.07.2020;59,86;60,01;57,81;58,29;EUR;1780245
30.07.2020;58,00;58,19;55,55;56,16;EUR;2283364
31.07.2020;56,12;56,43;54,68;54,70;EUR;1926062
03.08.2020;54,70;56,61;54,42;56,21;EUR;1812786
04.08.2020;57,09;58,14;56,96;58,14;EUR;1873398
05.08.2020;56,50;56,93;55,32;56,13;EUR;3067112
06.08.2020;55,98;56,23;54,75;55,23;EUR;2453738
07.08.2020;55,16;55,40;54,30;54,90;EUR;1984567
10.08.2020;55,40;55,49;54,23;55,35;EUR;1367342
11.08.2020;56,31;58,93;56,21;58,54;EUR;3142904
12.08.2020;58,45;59,73;58,32;58,87;EUR;1663294
13.08.2020;58,37;59,20;58,16;58,28;EUR;1025918
14.08.2020;58,17;58,35;57,16;58,22;EUR;1131446
17.08.2020;58,25;58,68;57,67;57,88;EUR;829378
18.08.2020;57,57;58,28;57,14;57,56;EUR;1148139
19.08.2020;57,52;58,25;57,23;58,25;EUR;1224278
20.08.2020;57,45;57,81;56,99;57,39;EUR;1021586
21.08.2020;57,81;57,98;56,10;56,81;EUR;1395089
24.08.2020;57,40;58,41;57,24;58,25;EUR;1591298
25.08.2020;58,45;58,94;57,72;57,95;EUR;1268883
26.08.2020;58,57;59,45;58,01;59,42;EUR;1463492
27.08.2020;59,50;60,98;59,30;59,60;EUR;1836847
28.08.2020;60,07;60,54;59,35;59,61;EUR;1090761
31.08.2020;59,80;61,77;59,80;60,15;EUR;2133443
01.09.2020;61,26;61,39;59,64;60,13;EUR;1566399
02.09.2020;60,71;61,19;60,11;60,39;EUR;1404861
03.09.2020;60,90;61,85;60,19;60,80;EUR;1727583
04.09.2020;60,74;62,01;60,62;61,38;EUR;1634908
07.09.2020;61,89;62,72;61,73;62,58;EUR;1268510
08.09.2020;62,74;63,52;62,30;63,17;EUR;1534636
09.09.2020;63,11;63,99;62,63;63,74;EUR;1374055
10.09.2020;63,70;64,50;63,64;63,74;EUR;1185784
11.09.2020;63,45;64,53;62,63;64,31;EUR;1435601
14.09.2020;64,79;64,92;63,71;64,12;EUR;1017966
15.09.2020;64,40;65,00;63,83;64,32;EUR;1084823
16.09.2020;64,41;64,85;63,93;64,71;EUR;1175318
17.09.2020;63,42;64,96;63,37;64,81;EUR;1064841
18.09.2020;64,78;64,83;63,74;63,74;EUR;3248812
21.09.2020;63,19;63,40;60,03;60,49;EUR;2508068
22.09.2020;60,56;61,46;60,27;60,58;EUR;1335710
23.09.2020;61,30;62,53;60,60;60,96;EUR;1432762
24.09.2020;60,00;61,33;59,83;60,64;EUR;1589221
25.09.2020;60,55;60,62;58,78;59,06;EUR;1428136
28.09.2020;59,97;61,73;59,83;61,73;EUR;1666530
29.09.2020;61,21;62,07;60,73;62,00;EUR;1409149
30.09.2020;61,50;62,70;61,20;61,99;EUR;1485337
01.10.2020;63,11;63,11;61,99;62,66;EUR;1376243
02.10.2020;62,20;62,64;61,73;62,36;EUR;891578
05.10.2020;63,25;64,38;63,06;64,03;EUR;1224129
06.10.2020;63,99;65,59;63,81;64,85;EUR;1654516
07.10.2020;65,00;65,76;64,23;65,74;EUR;1467108
08.10.2020;65,90;66,41;65,28;65,72;EUR;1309221
09.10.2020;65,77;66,26;64,30;64,70;EUR;1254025
12.10.2020;64,73;65,45;64,41;65,09;EUR;1019626
13.10.2020;64,69;64,94;63,69;64,25;EUR;1122504
14.10.2020;64,37;64,55;63,90;64,08;EUR;964688
15.10.2020;62,69;62,69;60,99;62,17;EUR;1977291
16.10.2020;63,29;63,57;62,35;63,12;EUR;1515264
19.10.2020;63,20;63,92;62,80;63,62;EUR;1035903
20.10.2020;63,50;64,28;62,41;64,07;EUR;1491163
21.10.2020;64,71;64,97;63,56;63,81;EUR;1553620
22.10.2020;63,47;64,30;62,06;64,01;EUR;1218032
23.10.2020;64,00;64,66;63,63;63,93;EUR;974170
26.10.2020;62,86;64,12;62,78;63,21;EUR;1118941
27.10.2020;63,23;63,29;61,34;61,47;EUR;1839591
28.10.2020;59,73;59,96;57,25;58,06;EUR;3729376
29.10.2020;57,86;58,96;57,58;58,33;EUR;1788596
30.10.2020;57,40;58,87;57,37;58,68;EUR;1564460
02.11.2020;59,00;60,16;58,13;59,68;EUR;1548483
03.11.2020;60,40;62,12;60,40;62,12;EUR;1655547
04.11.2020;60,22;63,28;59,92;62,52;EUR;1934346
05.11.2020;63,25;64,79;62,88;64,79;EUR;2058301
06.11.2020;64,54;64,82;63,13;63,58;EUR;1771124
09.11.2020;64,72;69,06;64,55;67,63;EUR;4097264
10.11.2020;67,76;69,54;67,38;69,50;EUR;3193087
11.11.2020;69,50;70,88;68,64;70,34;EUR;2169822
12.11.2020;69,41;70,87;69,10;70,70;EUR;1975554
13.11.2020;70,38;71,11;70,16;70,74;EUR;1693385
16.11.2020;71,25;73,66;71,15;72,79;EUR;2219047
17.11.2020;72,64;73,08;72,02;72,85;EUR;1234159
18.11.2020;72,34;74,00;72,10;73,87;EUR;1311194
19.11.2020;73,21;74,10;73,04;74,00;EUR;1721623
20.11.2020;74,00;74,48;73,39;74,15;EUR;1692504
23.11.2020;73,90;74,52;73,60;73,89;EUR;1518466
24.11.2020;74,85;76,68;74,60;76,68;EUR;1844609
25.11.2020;77,00;77,31;74,64;75,40;EUR;1489748
26.11.2020;75,30;75,32;73,67;74,13;EUR;1215517
27.11.2020;73,77;73,81;72,60;73,09;EUR;1699488
30.11.2020;72,51;73,76;72,25;73,04;EUR;1921018
01.12.2020;73,74;74,89;73,50;74,78;EUR;1367290
02.12.2020;74,40;74,40;73,29;74,33;EUR;1004048
03.12.2020;74,44;74,58;73,29;74,29;EUR;1219270
04.12.2020;74,00;75,00;74,00;74,95;EUR;1130945
07.12.2020;74,50;74,51;73,31;73,70;EUR;1128524
08.12.2020;73,00;73,70;72,79;73,01;EUR;1217153
09.12.2020;72,73;74,15;72,61;73,13;EUR;1340551
10.12.2020;73,00;73,42;71,02;71,36;EUR;1903460
11.12.2020;71,02;71,40;69,95;70,51;EUR;2093004
14.12.2020;71,00;72,72;70,75;71,91;EUR;1663325
15.12.2020;71,95;73,86;71,82;73,86;EUR;1962219
16.12.2020;74,27;76,13;74,13;74,43;EUR;1974499
17.12.2020;75,15;75,42;73,78;73,78;EUR;1581472
18.12.2020;73,79;75,06;73,56;74,19;EUR;3039475
21.12.2020;72,34;72,42;69,73;71,97;EUR;1896920
22.12.2020;72,50;72,91;71,94;72,10;EUR;739335
23.12.2020;72,51;73,66;72,01;73,38;EUR;981237
28.12.2020;75,05;75,47;73,35;73,49;EUR;799942
29.12.2020;74,14;74,30;72,68;73,16;EUR;786472
30.12.2020;73,00;73,23;72,23;72,23;EUR;644923
04.01.2021;73,03;73,52;71,23;71,86;EUR;1250834
05.01.2021;71,00;72,05;70,35;70,86;EUR;1542690
06.01.2021;71,42;72,49;70,49;70,99;EUR;1679300
07.01.2021;71,13;71,70;70,01;71,02;EUR;2156329
08.01.2021;71,96;72,00;69,64;70,49;EUR;2128156
11.01.2021;69,90;70,38;68,56;69,30;EUR;1613495
12.01.2021;69,13;70,24;68,51;69,84;EUR;1554361
13.01.2021;69,69;69,86;68,85;69,12;EUR;1403891
14.01.2021;69,09;70,56;69,03;69,78;EUR;1322126
15.01.2021;69,09;70,38;68,52;69,41;EUR;1945807
18.01.2021;68,61;69,62;68,40;69,49;EUR;964708
19.01.2021;69,85;70,00;68,21;68,34;EUR;1472535
20.01.2021;69,00;70,79;68,82;70,79;EUR;1533660
21.01.2021;71,06;71,81;70,40;71,28;EUR;1273815
22.01.2021;70,43;72,12;69,57;71,25;EUR;1716661
25.01.2021;71,80;72,44;69,56;70,21;EUR;1582566
26.01.2021;70,16;73,21;69,78;72,08;EUR;2034716
27.01.2021;71,94;72,03;70,50;71,31;EUR;2044649
28.01.2021;69,28;71,08;68,36;70,91;EUR;2072544
29.01.2021;69,40;70,87;69,05;70,01;EUR;1924221
01.02.2021;70,81;70,95;69,55;69,88;EUR;1139613
02.02.2021;70,50;72,08;70,49;71,41;EUR;1510601
03.02.2021;72,29;73,05;71,57;71,73;EUR;2092011
04.02.2021;71,85;72,54;69,76;70,77;EUR;2440661
05.02.2021;70,92;70,92;69,75;70,05;EUR;1999900
08.02.2021;70,37;70,98;69,81;69,81;EUR;1380555
09.02.2021;69,80;70,09;69,30;70,09;EUR;1210955
10.02.2021;70,16;71,14;69,41;70,00;EUR;1257565
11.02.2021;70,23;71,21;69,80;70,58;EUR;1074731
12.02.2021;70,39;70,40;69,62;70,25;EUR;815834
15.02.2021;70,65;71,04;70,17;70,76;EUR;916016
16.02.2021;70,96;71,31;70,57;70,92;EUR;821717
17.02.2021;70,89;71,38;70,34;70,86;EUR;1229965
18.02.2021;71,47;72,22;70,70;71,03;EUR;1410679
19.02.2021;71,26;72,00;70,66;71,58;EUR;1210457
22.02.2021;70,78;71,43;70,20;71,27;EUR;1065258
23.02.2021;71,09;71,34;68,87;69,32;EUR;1859119
24.02.2021;69,15;70,60;68,94;70,39;EUR;1389110
25.02.2021;70,75;72,44;70,70;71,50;EUR;1603942
26.02.2021;70,48;71,55;70,18;71,50;EUR;1502192
01.03.2021;72,10;72,59;71,56;72,10;EUR;1129798
02.03.2021;72,06;72,98;72,01;72,56;EUR;1367788
03.03.2021;73,00;76,10;73,00;76,10;EUR;2754934
04.03.2021;75,86;76,64;75,16;76,29;EUR;1536791
05.03.2021;76,27;76,79;75,05;75,67;EUR;1139049
08.03.2021;76,54;79,85;76,53;79,64;EUR;2276793
09.03.2021;79,64;80,41;78,45;79,59;EUR;1996142
10.03.2021;79,64;81,34;79,51;81,34;EUR;2054239
11.03.2021;81,50;81,58;78,52;78,52;EUR;2339736
12.03.2021;77,43;77,59;76,11;77,48;EUR;1557579
15.03.2021;77,85;78,92;77,77;77,80;EUR;1512597
16.03.2021;78,37;80,99;78,35;80,50;EUR;2736407
17.03.2021;81,81;85,53;81,28;85,46;EUR;3793318
18.03.2021;87,00;88,78;85,83;86,12;EUR;3290237
19.03.2021;84,89;85,01;82,32;82,49;EUR;4996797
22.03.2021;82,53;85,06;82,27;84,69;EUR;1824370
23.03.2021;84,22;85,25;83,36;83,43;EUR;1747435
24.03.2021;81,95;83,23;81,22;82,59;EUR;2021024
25.03.2021;81,91;83,58;81,55;83,50;EUR;1331719
26.03.2021;84,14;84,50;83,47;83,79;EUR;1423694
29.03.2021;84,50;85,71;83,96;85,60;EUR;1633417
30.03.2021;86,00;89,37;85,83;88,80;EUR;1876880
31.03.2021;88,69;89,47;87,66;88,47;EUR;1750689
01.04.2021;89,59;90,04;88,21;88,67;EUR;1547922
06.04.2021;89,60;90,68;89,45;89,60;EUR;1390616
07.04.2021;89,61;90,53;88,63;89,07;EUR;843541
08.04.2021;89,90;90,06;87,22;88,17;EUR;1402345
09.04.2021;88,36;88,45;87,69;88,00;EUR;834685
12.04.2021;89,20;89,36;88,39;88,95;EUR;1048397
13.04.2021;88,97;89,55;88,34;88,34;EUR;1033147
14.04.2021;88,08;88,10;86,91;87,21;EUR;1193472
15.04.2021;87,40;87,90;87,11;87,47;EUR;937702
16.04.2021;87,75;88,86;87,47;88,38;EUR;2037121
19.04.2021;88,98;89,16;87,66;87,70;EUR;918670
20.04.2021;87,53;88,43;85,70;86,18;EUR;1712352
21.04.2021;86,50;86,56;83,81;85,21;EUR;1800624
22.04.2021;85,54;86,58;85,15;86,18;EUR;1104441
23.04.2021;85,84;86,87;85,46;86,31;EUR;997022
26.04.2021;86,35;86,79;85,79;86,79;EUR;948496
27.04.2021;86,70;86,70;85,35;86,21;EUR;642305
28.04.2021;86,55;86,55;85,89;85,89;EUR;798454
29.04.2021;85,79;85,83;83,07;83,80;EUR;1494900
30.04.2021;84,00;84,94;83,36;83,40;EUR;1111553
03.05.2021;83,81;84,55;83,58;84,13;EUR;812468
04.05.2021;84,39;84,54;81,61;81,85;EUR;1559872
05.05.2021;82,05;83,18;81,38;82,97;EUR;1631218
06.05.2021;83,11;84,17;82,70;83,39;EUR;1111585
07.05.2021;82,98;85,17;82,50;83,64;EUR;1393615
10.05.2021;84,42;85,23;83,98;85,18;EUR;1018526
11.05.2021;84,25;84,69;83,36;84,22;EUR;1164796
12.05.2021;84,00;84,75;83,00;84,48;EUR;1109062
13.05.2021;82,37;82,37;79,76;81,85;EUR;1417327
14.05.2021;82,90;83,72;81,70;83,68;EUR;1254941
17.05.2021;83,83;85,02;83,83;84,69;EUR;1107537
18.05.2021;85,49;86,22;83,98;85,07;EUR;1173807
19.05.2021;84,20;84,58;82,80;83,70;EUR;1182500
20.05.2021;84,40;84,69;83,30;84,69;EUR;1309342
21.05.2021;85,60;86,29;84,92;85,30;EUR;1436621
25.05.2021;86,00;86,67;85,47;85,77;EUR;1215260
26.05.2021;86,22;86,50;85,25;86,32;EUR;840228
27.05.2021;86,34;87,81;85,72;87,68;EUR;1633744
28.05.2021;87,82;87,96;87,14;87,21;EUR;970900
31.05.2021;86,48;87,26;86,32;86,70;EUR;607470
01.06.2021;87,67;89,36;87,67;89,01;EUR;1163996
02.06.2021;89,22;90,64;88,83;90,30;EUR;1217637
03.06.2021;90,50;94,20;90,37;93,87;EUR;1908125
04.06.2021;94,00;95,30;93,68;94,40;EUR;1551957
07.06.2021;94,77;95,89;94,17;95,89;EUR;1111346
08.06.2021;95,87;96,00;94,22;95,52;EUR;1282271
09.06.2021;95,40;96,39;93,96;94,60;EUR;1109590
10.06.2021;94,10;94,27;92,84;92,85;EUR;1300015
11.06.2021;93,17;94,84;92,71;94,74;EUR;941041
14.06.2021;94,75;95,17;94,19;94,79;EUR;1093509
15.06.2021;94,86;94,91;94,14;94,41;EUR;1248131
16.06.2021;94,86;95,25;92,52;92,98;EUR;1348477
17.06.2021;92,37;94,20;91,42;93,26;EUR;1023587
18.06.2021;93,28;93,51;90,58;90,95;EUR;2235417
21.06.2021;89,77;93,27;89,37;93,13;EUR;1124341
22.06.2021;93,61;93,69;92,50;92,97;EUR;862184
23.06.2021;92,82;93,34;91,37;91,37;EUR;873245
24.06.2021;92,12;93,03;91,81;92,53;EUR;983289
25.06.2021;92,38;92,53;91,54;92,40;EUR;635959
28.06.2021;92,06;92,32;90,53;90,76;EUR;902086
29.06.2021;90,88;92,08;90,80;91,26;EUR;972402
30.06.2021;91,05;91,40;88,75;89,31;EUR;1609731
01.07.2021;89,67;90,36;89,25;89,97;EUR;1102680
02.07.2021;90,20;91,15;89,75;90,09;EUR;812888
05.07.2021;89,82;90,08;88,96;89,40;EUR;595548
06.07.2021;89,35;89,35;85,79;86,03;EUR;1509146
07.07.2021;86,00;87,13;84,75;86,30;EUR;1304818
08.07.2021;86,12;86,12;83,46;84,47;EUR;1435880
09.07.2021;85,20;87,68;84,93;87,68;EUR;1339528
12.07.2021;87,61;89,15;86,81;88,80;EUR;1098697
13.07.2021;89,30;89,43;87,64;88,18;EUR;856893
14.07.2021;87,89;89,26;87,56;88,51;EUR;768276
15.07.2021;89,19;89,49;86,74;87,28;EUR;980301
16.07.2021;87,86;87,98;85,40;85,50;EUR;1065522
19.07.2021;85,30;85,37;81,80;82,44;EUR;1660061
20.07.2021;82,91;83,64;81,91;83,00;EUR;1212228
21.07.2021;83,33;85,18;81,94;84,14;EUR;1134607
22.07.2021;84,78;85,47;83,67;83,76;EUR;710635
23.07.2021;84,18;86,00;84,11;85,55;EUR;811596
26.07.2021;85,00;85,59;83,85;85,52;EUR;839394
27.07.2021;84,84;84,84;83,34;83,88;EUR;1037576
28.07.2021;84,14;84,61;83,51;83,80;EUR;595391
29.07.2021;84,03;85,14;83,51;85,07;EUR;677615
30.07.2021;84,19;84,70;83,43;83,88;EUR;1096073
02.08.2021;84,82;86,00;84,44;84,90;EUR;1046991
03.08.2021;82,66;82,81;80,26;80,52;EUR;2859568
04.08.2021;81,40;82,16;80,80;81,49;EUR;1556191
05.08.2021;81,35;81,72;80,42;81,20;EUR;1490844
06.08.2021;80,91;82,55;80,76;82,12;EUR;1009130
09.08.2021;82,03;82,07;81,17;81,71;EUR;824264
10.08.2021;81,76;82,16;81,54;81,85;EUR;646912
11.08.2021;81,86;82,48;81,21;82,29;EUR;763165
12.08.2021;82,44;83,40;82,02;83,36;EUR;971005
13.08.2021;83,35;83,90;82,81;83,09;EUR;703805
16.08.2021;82,18;82,57;81,25;81,47;EUR;849241
17.08.2021;81,00;81,20;80,19;80,35;EUR;1033666
18.08.2021;80,52;80,52;78,94;79,85;EUR;1366350
19.08.2021;77,35;78,45;77,08;77,43;EUR;1743934
20.08.2021;77,00;77,09;75,41;76,98;EUR;1731505
23.08.2021;78,24;78,48;76,57;76,80;EUR;1640966
24.08.2021;77,20;78,97;76,93;78,42;EUR;1257941
25.08.2021;78,35;78,99;77,42;78,00;EUR;812763
26.08.2021;77,25;78,22;76,69;77,94;EUR;1194444
27.08.2021;78,28;78,49;77,34;78,28;EUR;743213
30.08.2021;78,60;79,24;77,78;79,05;EUR;1169183
31.08.2021;79,48;81,18;79,44;80,37;EUR;2253954
01.09.2021;81,34;81,56;79,15;79,47;EUR;1310032
02.09.2021;79,69;80,00;79,30;79,42;EUR;808924
03.09.2021;79,90;80,30;79,02;79,40;EUR;1009621
06.09.2021;79,51;80,34;79,46;79,85;EUR;588953
07.09.2021;79,90;80,98;79,83;80,47;EUR;1024387
08.09.2021;80,00;80,06;78,29;78,61;EUR;1368573
09.09.2021;78,00;79,01;77,77;78,64;EUR;1268472
10.09.2021;78,50;79,50;78,12;79,15;EUR;870239
13.09.2021;80,00;81,79;79,89;81,63;EUR;1523795
14.09.2021;81,74;83,04;81,55;82,15;EUR;1221496
15.09.2021;82,01;83,47;81,93;83,09;EUR;1726674
16.09.2021;83,47;83,77;82,07;82,07;EUR;1368105
17.09.2021;82,84;83,04;80,05;80,36;EUR;3110288
20.09.2021;78,55;78,83;76,55;77,89;EUR;2263689
21.09.2021;78,52;79,87;78,48;78,92;EUR;1281674
22.09.2021;79,90;81,58;79,52;81,46;EUR;1232081
23.09.2021;82,15;82,41;80,80;81,35;EUR;1331540
24.09.2021;80,82;81,99;80,00;81,59;EUR;909760
27.09.2021;82,32;82,96;82,15;82,69;EUR;1303448
28.09.2021;82,99;84,80;82,55;82,69;EUR;1934260
29.09.2021;83,50;84,85;83,12;84,47;EUR;1600490
30.09.2021;84,75;84,90;82,59;82,76;EUR;1558858
01.10.2021;81,82;84,47;81,15;83,83;EUR;2064447
04.10.2021;83,68;84,29;82,93;83,42;EUR;966428
05.10.2021;83,50;83,84;82,69;83,71;EUR;942612
06.10.2021;82,81;82,91;80,64;81,61;EUR;1710893
07.10.2021;82,82;84,24;82,56;83,45;EUR;1418603
08.10.2021;83,78;84,88;83,64;84,68;EUR;1213523
11.10.2021;84,35;86,68;84,15;86,57;EUR;1598749
12.10.2021;86,00;87,01;85,70;86,50;EUR;1304012
13.10.2021;86,60;87,59;85,66;85,82;EUR;1014845
14.10.2021;86,70;87,03;86,12;86,36;EUR;831858
15.10.2021;86,66;87,75;86,40;87,56;EUR;1307758
18.10.2021;87,46;87,81;85,99;86,37;EUR;1022068
19.10.2021;86,60;86,66;85,37;85,46;EUR;1013245
20.10.2021;85,12;86,04;83,26;84,67;EUR;1537684
21.10.2021;83,50;85,29;83,36;84,24;EUR;996665
22.10.2021;84,32;86,20;84,07;85,69;EUR;971980
25.10.2021;85,58;87,73;85,46;87,54;EUR;1491635
26.10.2021;87,90;89,01;87,13;88,42;EUR;1190398
27.10.2021;88,15;88,96;87,72;88,55;EUR;758432
28.10.2021;87,82;88,10;87,00;87,34;EUR;865069
29.10.2021;86,77;87,51;86,13;87,24;EUR;1452431
01.11.2021;87,46;88,80;87,40;88,28;EUR;968616
02.11.2021;88,08;88,64;87,69;88,64;EUR;827849
03.11.2021;88,00;90,00;87,33;89,96;EUR;1766650
04.11.2021;90,00;91,44;89,22;89,99;EUR;1405533
05.11.2021;89,85;92,32;89,65;91,85;EUR;1470209
08.11.2021;91,73;91,81;90,76;91,09;EUR;845001
09.11.2021;91,30;91,57;90,39;90,66;EUR;903644
10.11.2021;90,67;91,82;90,06;91,76;EUR;847559
11.11.2021;91,78;92,52;91,53;92,33;EUR;993417
12.11.2021;92,50;93,14;91,92;93,02;EUR;960929
15.11.2021;92,90;93,72;92,74;93,48;EUR;862865
16.11.2021;93,76;94,57;92,75;93,21;EUR;1018397
17.11.2021;93,36;93,99;92,44;93,62;EUR;822593
18.11.2021;93,83;94,98;93,18;94,20;EUR;1141842
19.11.2021;95,00;95,44;92,36;93,20;EUR;2007293
22.11.2021;93,32;95,20;93,25;94,78;EUR;1208270
23.11.2021;94,00;94,76;93,39;94,44;EUR;1204668
24.11.2021;94,23;94,83;91,81;92,49;EUR;1403839
25.11.2021;92,85;93,02;90,72;91,13;EUR;803234
26.11.2021;87,98;88,07;85,51;85,51;EUR;2597218
29.11.2021;86,00;87,98;85,17;85,78;EUR;1759480
30.11.2021;84,95;85,60;83,38;84,98;EUR;2252523
01.12.2021;85,99;88,92;85,58;88,64;EUR;1482489
02.12.2021;87,47;88,87;87,07;88,43;EUR;1325406
03.12.2021;89,53;89,61;87,14;87,50;EUR;1385089
06.12.2021;88,03;88,80;86,82;88,42;EUR;1100120
07.12.2021;89,44;91,02;89,18;90,84;EUR;1710115
08.12.2021;90,85;91,21;89,13;91,13;EUR;1338471
09.12.2021;91,49;91,87;90,00;90,22;EUR;1050166
10.12.2021;89,53;90,19;88,95;89,66;EUR;1415043
13.12.2021;89,80;91,88;89,55;89,88;EUR;1086537
14.12.2021;89,98;90,04;88,22;88,40;EUR;1116145
15.12.2021;88,89;89,41;88,23;88,27;EUR;794212
16.12.2021;89,75;90,31;89,27;89,64;EUR;1364574
17.12.2021;88,83;89,05;86,09;86,92;EUR;2735975
20.12.2021;84,36;86,23;83,36;85,19;EUR;1455573
21.12.2021;86,26;87,14;85,36;87,09;EUR;888690
22.12.2021;87,00;87,44;86,05;87,44;EUR;624985
23.12.2021;88,00;89,46;87,98;89,17;EUR;823550
27.12.2021;88,72;90,11;88,61;90,00;EUR;396304
28.12.2021;90,09;90,69;89,75;89,95;EUR;442096
29.12.2021;89,89;89,97;88,87;89,20;EUR;419820
30.12.2021;89,39;89,50;88,12;88,49;EUR;598323
03.01.2022;88,91;91,75;88,74;91,33;EUR;983398
04.01.2022;91,89;94,24;91,19;94,19;EUR;1422271
05.01.2022;94,50;96,39;93,94;96,24;EUR;1828361
06.01.2022;94,70;97,32;94,61;96,22;EUR;1229513
07.01.2022;96,00;96,53;95,02;95,60;EUR;1193638
10.01.2022;98,49;99,04;96,43;97,20;EUR;1896744
11.01.2022;97,99;98,20;96,56;98,02;EUR;1238359
12.01.2022;98,60;98,93;97,12;97,45;EUR;954099
13.01.2022;97,38;99,30;97,26;99,02;EUR;1380823
14.01.2022;98,83;100,42;98,72;99,32;EUR;1257658
17.01.2022;99,88;100,06;98,55;99,02;EUR;663785
18.01.2022;98,37;99,67;97,34;98,94;EUR;930784
19.01.2022;98,39;99,35;97,54;97,86;EUR;1133756
20.01.2022;96,64;98,03;95,80;96,83;EUR;1100542
21.01.2022;95,20;95,56;93,97;95,56;EUR;1592557
24.01.2022;95,00;96,40;90,80;91,48;EUR;2185251
25.01.2022;92,65;93,20;90,94;92,08;EUR;1307184
26.01.2022;92,84;94,91;92,69;94,17;EUR;1274554
27.01.2022;93,01;95,16;92,91;94,00;EUR;1295354
28.01.2022;94,00;94,03;90,19;92,40;EUR;1830172
31.01.2022;93,38;93,71;92,15;92,95;EUR;1305196
01.02.2022;93,21;94,39;93,02;94,29;EUR;1033421
02.02.2022;94,50;94,82;93,41;93,68;EUR;890522
03.02.2022;93,37;94,67;93,24;93,76;EUR;1101439
04.02.2022;94,36;94,36;89,06;89,66;EUR;1816267
07.02.2022;90,29;90,90;89,81;89,86;EUR;1173288
08.02.2022;89,76;91,87;89,42;89,91;EUR;1229356
09.02.2022;90,60;93,95;90,20;93,33;EUR;1579360
10.02.2022;93,11;93,65;92,44;92,77;EUR;1206489
11.02.2022;91,59;95,73;90,97;95,30;EUR;2746188
14.02.2022;92,42;93,11;90,79;92,59;EUR;2148590
15.02.2022;92,43;94,99;91,94;94,93;EUR;1474671
16.02.2022;94,92;96,02;93,34;94,05;EUR;1496583
17.02.2022;94,73;97,23;94,57;95,97;EUR;1694067
18.02.2022;96,36;97,60;94,95;95,38;EUR;1551295
21.02.2022;96,61;96,93;91,49;92,29;EUR;1644574
22.02.2022;89,63;92,31;89,44;90,93;EUR;2078619
23.02.2022;91,00;93,82;90,95;91,62;EUR;1489901
24.02.2022;87,25;88,87;84,15;84,99;EUR;4257916
25.02.2022;86,38;88,14;84,13;88,02;EUR;2682262
28.02.2022;85,04;86,56;83,22;86,56;EUR;2667291
01.03.2022;86,16;87,50;82,07;82,49;EUR;2383041
02.03.2022;80,33;82,07;79,31;80,56;EUR;2638366
03.03.2022;80,60;81,01;76,88;77,51;EUR;2480550
04.03.2022;75,60;76,48;72,49;73,10;EUR;3819567
07.03.2022;69,66;72,87;67,58;70,52;EUR;4055547
08.03.2022;69,30;73,20;68,80;71,05;EUR;3481540
09.03.2022;74,01;76,25;72,45;76,20;EUR;3559897
10.03.2022;76,26;76,74;70,22;72,00;EUR;4329263
11.03.2022;72,92;75,46;72,00;72,42;EUR;2873113
14.03.2022;74,64;76,37;73,98;74,43;EUR;2514991
15.03.2022;73,63;75,78;71,70;75,32;EUR;2601157
16.03.2022;77,54;79,28;76,18;78,40;EUR;3188590
17.03.2022;79,34;79,40;75,51;76,67;EUR;2207957
18.03.2022;76,20;76,66;74,75;75,90;EUR;4736344
21.03.2022;76,24;77,97;75,74;77,44;EUR;1686583
22.03.2022;78,35;79,76;77,35;79,06;EUR;1732509
23.03.2022;80,34;80,80;77,85;78,26;EUR;1942435
24.03.2022;78,31;79,01;77,32;78,47;EUR;1529917
25.03.2022;78,00;78,46;77,20;77,89;EUR;1514673
28.03.2022;78,10;79,95;78,04;78,24;EUR;1109020
29.03.2022;79,83;83,47;79,18;82,63;EUR;1967947
30.03.2022;81,70;82,16;80,12;80,26;EUR;1492559
31.03.2022;81,30;81,71;78,41;78,60;EUR;1468453
01.04.2022;78,51;80,13;78,34;79,00;EUR;1064970
04.04.2022;79,60;80,17;77,97;79,85;EUR;1100335
05.04.2022;79,74;80,62;77,79;78,18;EUR;1523273
06.04.2022;77,88;78,06;74,85;76,30;EUR;1651158
07.04.2022;76,54;77,92;75,67;75,67;EUR;1345977
08.04.2022;77,20;77,73;76,26;77,00;EUR;1113844
11.04.2022;76,10;76,93;75,11;75,99;EUR;1246230
12.04.2022;74,85;76,97;74,28;76,09;EUR;1364957
13.04.2022;76,00;76,30;75,04;76,25;EUR;1062598
14.04.2022;76,36;77,16;75,82;76,24;EUR;1418145
19.04.2022;76,46;78,25;75,89;78,02;EUR;1477517
20.04.2022;78,54;80,19;78,09;79,20;EUR;1100786
21.04.2022;79,39;80,72;78,68;80,08;EUR;1269501
22.04.2022;78,99;79,89;78,52;78,52;EUR;1283884
25.04.2022;76,70;78,31;76,50;77,47;EUR;1594771
26.04.2022;78,56;79,01;76,19;76,27;EUR;1785578
27.04.2022;76,28;77,79;75,46;76,57;EUR;1793940
28.04.2022;77,50;79,08;76,70;77,80;EUR;1185773
29.04.2022;78,58;78,97;77,77;78,51;EUR;1337650
02.05.2022;77,74;78,45;74,36;77,64;EUR;1840187
03.05.2022;78,21;79,98;77,87;79,98;EUR;1725794
04.05.2022;80,27;80,70;79,47;79,47;EUR;1633643
05.05.2022;81,65;83,00;77,77;78,03;EUR;1964186
06.05.2022;78,30;80,03;77,46;79,06;EUR;1978484
09.05.2022;79,20;79,87;77,62;77,62;EUR;1868370
10.05.2022;78,99;79,73;78,10;78,21;EUR;1990542
11.05.2022;79,02;82,73;78,60;82,26;EUR;3703499
12.05.2022;75,60;76,12;74,26;75,78;EUR;2884199
13.05.2022;76,86;77,87;75,70;77,66;EUR;1728649
16.05.2022;77,43;78,34;76,64;77,66;EUR;1135401
17.05.2022;78,65;79,50;78,06;78,62;EUR;1445814
18.05.2022;78,97;79,61;78,02;78,02;EUR;1265657
19.05.2022;76,60;77,84;75,58;77,84;EUR;1689928
20.05.2022;78,61;79,18;77,24;77,45;EUR;1558143
23.05.2022;78,65;78,83;77,06;78,24;EUR;1008391
24.05.2022;77,34;78,54;77,29;77,79;EUR;1028206
25.05.2022;78,63;78,93;77,39;78,55;EUR;907288
26.05.2022;79,19;80,43;78,57;80,25;EUR;1068788
27.05.2022;80,30;80,85;79,49;80,77;EUR;1217365
30.05.2022;81,01;81,79;80,43;81,48;EUR;856108
31.05.2022;81,32;81,64;80,17;80,63;EUR;1807592
01.06.2022;81,53;83,18;81,25;82,33;EUR;1608890
02.06.2022;82,87;84,09;82,74;83,82;EUR;1105669
03.06.2022;84,44;84,47;82,63;82,93;EUR;1032094
06.06.2022;83,61;84,05;82,66;83,58;EUR;731088
07.06.2022;82,91;83,36;81,84;82,59;EUR;944549
08.06.2022;82,68;84,00;82,62;83,50;EUR;1226472
09.06.2022;83,41;83,46;81,80;82,66;EUR;1141726
10.06.2022;81,96;82,26;80,19;80,54;EUR;1775652
13.06.2022;78,78;79,61;77,36;77,97;EUR;1978341
14.06.2022;78,80;78,80;76,92;77,61;EUR;1265598
15.06.2022;78,88;79,89;78,51;79,54;EUR;1659645
16.06.2022;79,45;79,46;76,54;77,15;EUR;1558157
17.06.2022;77,67;78,17;76,35;77,60;EUR;3402960
20.06.2022;78,00;78,80;77,21;78,72;EUR;822033
21.06.2022;79,13;80,53;78,92;79,66;EUR;969834
22.06.2022;78,12;78,84;77,01;78,16;EUR;1380068
23.06.2022;78,05;78,45;74,90;74,90;EUR;1828040
24.06.2022;75,27;75,33;72,57;74,94;EUR;1725586
27.06.2022;75,61;77,29;75,21;75,73;EUR;1156996
28.06.2022;76,63;77,74;76,34;76,48;EUR;1016528
29.06.2022;75,00;75,63;73,93;74,52;EUR;1436429
30.06.2022;73,22;73,78;70,57;73,46;EUR;2801023
01.07.2022;72,86;74,05;72,15;73,76;EUR;1375303
04.07.2022;74,47;74,57;72,28;72,79;EUR;899823
05.07.2022;73,31;73,54;71,22;71,50;EUR;2140020
06.07.2022;72,25;72,90;71,31;71,37;EUR;1429700
07.07.2022;72,55;75,37;72,42;74,78;EUR;1872773
08.07.2022;74,15;76,69;73,60;76,04;EUR;1784342
11.07.2022;74,15;75,29;73,61;73,79;EUR;1212743
12.07.2022;73,10;74,42;72,53;74,42;EUR;1263935
13.07.2022;73,72;73,72;72,01;72,46;EUR;1425644
14.07.2022;72,99;74,13;71,35;72,22;EUR;1556778
15.07.2022;72,53;75,12;72,05;75,12;EUR;1766983
18.07.2022;75,30;76,54;74,87;76,00;EUR;966822
19.07.2022;75,45;79,38;75,06;78,13;EUR;1382168
20.07.2022;78,13;78,60;76,04;77,53;EUR;1193454
21.07.2022;77,21;78,30;75,93;76,89;EUR;1072416
22.07.2022;76,71;77,58;76,29;77,10;EUR;939952
25.07.2022;76,99;78,58;76,50;77,97;EUR;1002253
26.07.2022;77,61;77,69;75,44;76,08;EUR;1270931
27.07.2022;76,50;76,98;76,06;76,58;EUR;825396
28.07.2022;77,22;78,43;77,21;78,43;EUR;1131025
29.07.2022;78,89;79,81;78,46;79,48;EUR;1183673
01.08.2022;79,93;80,76;79,59;79,89;EUR;889242
02.08.2022;79,43;81,13;78,93;81,08;EUR;1238271
03.08.2022;78,93;79,00;75,46;76,57;EUR;3479341
04.08.2022;77,34;78,11;75,96;76,27;EUR;1768831
05.08.2022;75,84;77,24;75,56;76,61;EUR;1460610
08.08.2022;77,09;78,10;76,91;78,10;EUR;969376
09.08.2022;78,00;78,36;76,93;77,09;EUR;1044979
10.08.2022;76,90;78,15;76,65;77,99;EUR;932542
11.08.2022;78,40;78,40;77,02;77,71;EUR;824938
12.08.2022;78,24;78,87;77,93;78,55;EUR;908982
15.08.2022;78,81;78,92;77,36;78,12;EUR;648587
16.08.2022;78,36;79,28;78,30;79,25;EUR;882430
17.08.2022;79,40;79,62;77,29;77,29;EUR;1123389
18.08.2022;77,70;78,59;77,54;77,89;EUR;801264
19.08.2022;77,30;77,53;75,69;75,81;EUR;1726184
22.08.2022;75,38;75,63;73,00;73,02;EUR;1712957
23.08.2022;72,82;74,75;72,69;74,52;EUR;1383035
24.08.2022;73,94;74,66;73,43;74,14;EUR;966562
25.08.2022;74,91;75,12;73,78;74,47;EUR;734876
26.08.2022;74,79;75,34;72,99;73,12;EUR;1575240
29.08.2022;72,63;73,76;72,06;73,51;EUR;1128919
30.08.2022;73,83;75,25;73,38;73,81;EUR;1004060
31.08.2022;74,55;75,09;73,28;73,47;EUR;1477983
01.09.2022;72,90;73,15;72,08;72,81;EUR;1208840
02.09.2022;73,70;75,41;72,96;75,11;EUR;1267300
05.09.2022;72,35;73,13;72,04;72,44;EUR;1731330
06.09.2022;72,70;73,97;72,54;72,82;EUR;1607465
07.09.2022;72,10;74,37;72,10;74,07;EUR;1083337
08.09.2022;74,14;74,44;72,24;72,95;EUR;1076804
09.09.2022;73,09;74,76;73,06;73,51;EUR;1288559
12.09.2022;74,21;75,99;74,21;75,78;EUR;1712412
13.09.2022;75,88;76,72;74,66;74,86;EUR;1105326
14.09.2022;74,60;75,26;73,88;74,65;EUR;1236289
15.09.2022;74,97;75,50;73,86;74,68;EUR;953732
16.09.2022;73,94;74,51;72,75;74,39;EUR;2297547
19.09.2022;74,54;76,09;73,83;75,70;EUR;857539
20.09.2022;75,84;76,84;74,57;75,07;EUR;1112949
21.09.2022;74,30;75,31;73,46;75,25;EUR;764182
22.09.2022;73,97;75,05;73,63;74,17;EUR;1008044
23.09.2022;74,25;74,25;71,12;71,38;EUR;1859501
26.09.2022;70,88;73,25;70,59;72,16;EUR;1293187
27.09.2022;73,16;73,66;71,54;71,76;EUR;1268460
28.09.2022;70,85;71,96;70,25;71,58;EUR;1543235
29.09.2022;71,80;71,82;68,44;69,13;EUR;2356566
30.09.2022;69,83;70,51;68,78;69,99;EUR;1693045
03.10.2022;69,59;71,14;68,61;70,73;EUR;1062248
04.10.2022;72,00;73,01;71,60;72,85;EUR;1105266
05.10.2022;72,59;72,59;70,64;71,47;EUR;1540008
06.10.2022;72,12;72,95;71,61;71,97;EUR;913379
07.10.2022;71,78;72,67;71,47;71,70;EUR;745376
10.10.2022;70,60;72,98;70,55;72,03;EUR;1402943
11.10.2022;71,61;72,38;70,30;72,38;EUR;1175295
12.10.2022;72,34;73,34;71,43;73,17;EUR;1188223
13.10.2022;72,88;74,51;72,19;74,24;EUR;1410582
14.10.2022;75,56;76,05;74,42;75,02;EUR;1123755
17.10.2022;75,11;76,99;74,80;76,53;EUR;957252
18.10.2022;77,00;78,86;76,50;77,62;EUR;1347975
19.10.2022;78,26;78,64;77,15;77,66;EUR;924802
20.10.2022;77,50;78,40;76,83;77,53;EUR;1016645
21.10.2022;77,00;77,60;76,33;77,43;EUR;1618320
24.10.2022;77,99;78,66;75,74;77,91;EUR;1458093
25.10.2022;78,40;78,84;77,27;78,22;EUR;1075479
26.10.2022;78,22;79,14;77,53;79,07;EUR;995479
27.10.2022;79,11;79,88;78,71;79,57;EUR;899804
28.10.2022;78,54;79,73;78,12;79,56;EUR;922600
31.10.2022;79,53;79,94;78,84;79,52;EUR;863920
01.11.2022;79,98;81,12;79,80;80,28;EUR;902999
02.11.2022;80,51;80,87;79,52;80,24;EUR;1157247
03.11.2022;78,31;78,50;75,06;76,50;EUR;2132408
04.11.2022;76,89;80,04;76,22;79,80;EUR;1569808
07.11.2022;79,53;81,14;79,21;81,03;EUR;1351929
08.11.2022;81,00;81,19;80,39;80,49;EUR;1326961
09.11.2022;80,79;80,87;79,37;80,25;EUR;1161232
10.11.2022;80,00;83,30;79,90;82,85;EUR;1726552
11.11.2022;83,73;84,33;83,26;84,24;EUR;1457198
14.11.2022;84,76;85,84;84,13;85,03;EUR;934839
15.11.2022;85,27;85,44;84,30;85,18;EUR;1169537
16.11.2022;84,94;85,00;81,36;82,53;EUR;1654373
17.11.2022;83,00;83,52;81,53;82,27;EUR;938764
18.11.2022;82,77;84,19;82,69;84,15;EUR;1502840
21.11.2022;83,91;84,30;83,53;83,60;EUR;686990
22.11.2022;83,44;84,41;82,94;84,10;EUR;770553
23.11.2022;84,34;84,40;82,80;83,77;EUR;780003
24.11.2022;84,30;84,82;83,78;84,01;EUR;849772
25.11.2022;84,52;84,52;83,51;83,96;EUR;933054
28.11.2022;83,27;83,70;83,04;83,44;EUR;1222091
29.11.2022;83,83;84,99;83,37;84,75;EUR;1274432
30.11.2022;85,00;86,37;84,80;86,31;EUR;2224421
01.12.2022;86,62;86,71;84,42;85,14;EUR;1084490
02.12.2022;84,89;85,95;84,63;85,26;EUR;921996
05.12.2022;85,31;86,06;85,04;85,86;EUR;870971
06.12.2022;85,65;86,05;84,91;85,19;EUR;766946
07.12.2022;84,90;85,79;84,36;84,56;EUR;1024766
08.12.2022;82,95;83,69;82,40;82,96;EUR;2234059
09.12.2022;83,32;84,78;82,80;84,54;EUR;1020500
12.12.2022;84,31;84,60;83,80;84,43;EUR;836876
13.12.2022;84,76;86,25;83,73;84,01;EUR;1321576
14.12.2022;83,80;84,44;83,51;83,85;EUR;1131896
15.12.2022;83,31;83,90;82,41;82,80;EUR;1648528
16.12.2022;82,79;83,50;82,16;82,62;EUR;2832220
19.12.2022;82,97;83,96;82,92;83,62;EUR;908154
20.12.2022;83,14;83,60;82,70;83,35;EUR;915769
21.12.2022;83,51;84,33;82,94;84,15;EUR;764068
22.12.2022;84,37;84,56;82,94;83,30;EUR;1129869
23.12.2022;83,36;84,03;83,08;83,50;EUR;432251
27.12.2022;84,05;84,35;83,50;83,65;EUR;358295
28.12.2022;84,00;84,00;82,99;83,26;EUR;642514
29.12.2022;82,96;84,07;82,94;83,83;EUR;466540
30.12.2022;83,55;83,79;83,24;83,38;EUR;532248
02.01.2023;83,60;85,92;83,60;85,80;EUR;789996
03.01.2023;85,99;87,18;85,71;85,83;EUR;862444
04.01.2023;86,05;87,98;86,01;87,88;EUR;1054287
05.01.2023;88,00;89,28;87,56;88,95;EUR;960298
06.01.2023;88,85;89,71;87,08;89,53;EUR;944058
09.01.2023;89,84;90,41;89,48;89,98;EUR;959129
10.01.2023;90,14;90,95;89,84;90,52;EUR;1263650
11.01.2023;90,70;91,78;90,33;91,78;EUR;1303118
12.01.2023;91,95;93,36;91,64;93,22;EUR;1550323
13.01.2023;92,49;92,49;90,73;91,74;EUR;1701596
16.01.2023;91,99;92,22;91,31;91,84;EUR;481523
17.01.2023;91,99;92,56;90,52;91,98;EUR;1224348
18.01.2023;91,64;92,15;91,13;91,43;EUR;826430
19.01.2023;90,68;90,97;89,58;90,02;EUR;1434384
20.01.2023;90,00;90,66;89,32;89,97;EUR;1219938
23.01.2023;90,31;91,68;90,02;91,53;EUR;779097
24.01.2023;91,76;91,98;90,89;91,79;EUR;781646
25.01.2023;91,51;91,95;91,10;91,79;EUR;816744
26.01.2023;92,26;92,56;91,89;92,35;EUR;956741
27.01.2023;92,79;93,32;92,39;92,94;EUR;1186379
30.01.2023;91,47;92,50;91,32;91,48;EUR;1404194
31.01.2023;91,53;93,24;91,13;93,23;EUR;1503395
01.02.2023;93,92;95,27;93,06;95,27;EUR;1585474
02.02.2023;95,08;98,49;94,58;97,79;EUR;1947245
03.02.2023;97,09;97,96;96,50;97,58;EUR;1797070
06.02.2023;97,11;98,02;96,22;97,06;EUR;962405
07.02.2023;97,26;97,97;96,78;97,40;EUR;937028
08.02.2023;97,50;98,47;96,55;97,57;EUR;907809
09.02.2023;98,09;99,46;97,99;99,46;EUR;1272174
10.02.2023;99,26;99,49;97,42;97,77;EUR;1088196
13.02.2023;98,30;98,83;97,61;97,61;EUR;788382
14.02.2023;97,95;98,52;97,40;97,74;EUR;977868
15.02.2023;97,76;99,23;97,63;99,18;EUR;839076
16.02.2023;99,60;99,97;98,29;99,24;EUR;932204
17.02.2023;99,10;99,91;98,70;99,75;EUR;1523028
20.02.2023;99,92;100,52;99,62;99,67;EUR;587365
21.02.2023;99,59;99,67;97,97;98,70;EUR;797867
22.02.2023;98,30;98,75;97,66;98,43;EUR;787095
23.02.2023;98,71;100,04;98,53;99,65;EUR;805804
24.02.2023;99,86;99,92;97,19;97,19;EUR;2055368
27.02.2023;98,34;98,84;97,85;98,16;EUR;801424
28.02.2023;97,95;98,74;97,01;97,75;EUR;1186020
01.03.2023;98,29;100,62;98,22;99,34;EUR;1213269
02.03.2023;98,89;99,35;97,59;99,35;EUR;839282
03.03.2023;99,50;102,02;99,35;101,48;EUR;1383102
06.03.2023;101,42;101,90;100,96;101,46;EUR;645344
07.03.2023;101,40;101,70;100,80;101,00;EUR;824731
08.03.2023;100,76;101,68;100,42;100,96;EUR;928097
09.03.2023;102,18;103,70;97,25;99,53;EUR;2224785
10.03.2023;96,04;98,33;96,00;98,33;EUR;1638110
13.03.2023;97,84;98,08;93,77;94,64;EUR;1719463
14.03.2023;94,65;95,87;93,30;95,60;EUR;1738945
15.03.2023;96,11;97,20;92,54;94,69;EUR;2138658
16.03.2023;96,25;96,45;93,91;95,77;EUR;1608880
17.03.2023;95,76;97,31;93,83;94,85;EUR;4501926
20.03.2023;94,85;96,13;92,37;95,61;EUR;1152161
21.03.2023;96,90;97,80;96,73;97,34;EUR;937647
22.03.2023;97,39;98,98;97,25;98,20;EUR;886724
23.03.2023;98,20;99,04;96,88;98,83;EUR;804672
24.03.2023;98,63;98,63;96,28;97,76;EUR;1434754
27.03.2023;98,88;99,47;97,82;98,65;EUR;859592
28.03.2023;99,49;99,84;98,58;98,79;EUR;679684
29.03.2023;98,70;99,13;97,63;98,93;EUR;960170
30.03.2023;99,17;100,80;99,14;100,68;EUR;886548
31.03.2023;101,00;101,24;100,30;100,94;EUR;1132092
03.04.2023;101,00;101,56;100,62;100,74;EUR;691778
04.04.2023;101,18;102,88;101,18;101,34;EUR;1032944
05.04.2023;101,50;101,80;98,72;99,09;EUR;1344540
06.04.2023;98,50;99,10;97,73;98,62;EUR;1060245
11.04.2023;99,69;101,06;99,69;100,92;EUR;1157523
12.04.2023;101,20;103,48;101,14;102,68;EUR;1028050
13.04.2023;102,58;103,22;101,82;102,32;EUR;849011
14.04.2023;102,90;104,18;102,64;103,68;EUR;846092
17.04.2023;104,06;104,48;102,24;103,20;EUR;1061528
18.04.2023;103,50;104,34;103,10;104,10;EUR;980641
19.04.2023;103,92;104,04;102,88;103,78;EUR;677742
20.04.2023;103,40;103,40;98,94;100,02;EUR;2036663
21.04.2023;100,52;101,26;99,38;100,60;EUR;1280574
24.04.2023;100,66;101,64;100,28;101,16;EUR;637324
25.04.2023;101,30;102,02;100,96;101,44;EUR;755354
26.04.2023;101,62;101,70;100,26;101,00;EUR;850341
27.04.2023;101,02;102,56;100,52;100,64;EUR;856419
28.04.2023;101,30;102,12;98,20;101,44;EUR;1486350
02.05.2023;102,00;102,68;99,92;100,58;EUR;1200497
03.05.2023;101,14;101,42;100,06;101,02;EUR;956955
04.05.2023;102,42;103,80;100,14;103,80;EUR;1844440
05.05.2023;104,00;107,84;103,38;107,54;EUR;1697673
08.05.2023;107,54;109,84;107,36;108,92;EUR;1304780
09.05.2023;109,02;109,54;108,24;108,72;EUR;1131409
10.05.2023;109,32;109,48;107,58;108,72;EUR;1063634
11.05.2023;108,70;108,90;107,66;108,40;EUR;1877228
12.05.2023;100,18;101,12;99,25;99,41;EUR;2049038
15.05.2023;99,88;100,50;99,58;100,08;EUR;1002346
16.05.2023;99,96;100,06;98,70;99,57;EUR;896963
17.05.2023;99,11;100,36;99,10;100,14;EUR;739114
18.05.2023;100,50;102,82;100,48;102,50;EUR;1041933
19.05.2023;102,64;104,00;102,56;103,38;EUR;1379891
22.05.2023;103,42;104,24;103,04;104,04;EUR;730024
23.05.2023;104,10;104,64;103,62;104,48;EUR;822410
24.05.2023;103,90;104,36;102,12;102,60;EUR;1161218
25.05.2023;103,10;103,42;101,96;102,78;EUR;792753
26.05.2023;103,74;104,56;102,74;104,46;EUR;984483
29.05.2023;104,88;105,54;103,66;104,40;EUR;379423
30.05.2023;104,40;105,36;103,96;104,18;EUR;668215
31.05.2023;102,38;103,98;101,12;101,92;EUR;2892934
01.06.2023;102,60;103,60;102,14;103,50;EUR;808360
02.06.2023;104,02;106,44;103,72;106,16;EUR;1351058
05.06.2023;105,98;106,44;105,42;106,44;EUR;763837
06.06.2023;106,30;106,74;105,70;106,70;EUR;660014
07.06.2023;106,84;106,98;105,46;106,88;EUR;820752
08.06.2023;106,98;108,84;106,94;107,96;EUR;950418
09.06.2023;108,44;108,92;107,86;108,08;EUR;566274
12.06.2023;108,50;110,14;108,46;110,14;EUR;1031189
13.06.2023;110,30;112,06;110,22;112,06;EUR;1426285
14.06.2023;112,18;113,46;111,94;112,90;EUR;937730
15.06.2023;112,68;113,00;111,58;112,52;EUR;808875
16.06.2023;112,42;112,50;110,54;111,72;EUR;2595431
19.06.2023;111,44;111,70;110,64;111,02;EUR;580786
20.06.2023;110,28;110,82;109,26;110,52;EUR;790336
21.06.2023;111,10;111,86;109,70;109,92;EUR;685772
22.06.2023;108,98;109,20;107,86;109,10;EUR;668475
23.06.2023;109,12;109,20;107,52;108,62;EUR;762651
26.06.2023;109,20;109,46;107,46;109,24;EUR;751429
27.06.2023;109,50;109,82;107,54;108,06;EUR;922281
28.06.2023;108,56;109,92;107,94;109,88;EUR;734547
29.06.2023;109,90;111,64;109,90;111,04;EUR;786284
30.06.2023;111,48;113,06;111,32;112,52;EUR;1442529
03.07.2023;112,90;113,12;111,96;112,20;EUR;573512
04.07.2023;112,42;112,96;111,10;111,82;EUR;547810
05.07.2023;110,80;112,40;110,50;112,40;EUR;732634
06.07.2023;112,86;112,86;107,88;108,02;EUR;1237008
07.07.2023;107,90;108,44;107,04;107,14;EUR;1179553
10.07.2023;106,98;108,82;106,12;107,48;EUR;673649
11.07.2023;107,00;107,06;105,16;106,48;EUR;1037629
12.07.2023;106,96;107,60;106,54;107,40;EUR;729269
13.07.2023;107,76;107,80;106,82;107,00;EUR;663645
14.07.2023;107,00;107,14;105,58;106,76;EUR;807744
17.07.2023;106,40;107,26;106,10;106,80;EUR;515501
18.07.2023;106,86;107,80;106,32;107,10;EUR;574491
19.07.2023;107,42;107,62;106,14;107,20;EUR;789611
20.07.2023;106,82;108,30;106,72;107,68;EUR;716073
21.07.2023;107,64;108,76;107,48;107,58;EUR;919523
24.07.2023;107,34;108,62;106,92;108,60;EUR;724210
25.07.2023;109,32;109,36;108,14;108,42;EUR;536559
26.07.2023;108,44;108,76;105,82;107,16;EUR;851730
27.07.2023;107,46;109,96;105,96;109,96;EUR;1121262
28.07.2023;109,50;111,56;108,62;111,28;EUR;923900
31.07.2023;111,34;111,76;110,68;110,86;EUR;702976
01.08.2023;110,92;111,70;103,40;104,88;EUR;2990049
02.08.2023;103,24;106,00;102,94;105,26;EUR;1149388
03.08.2023;103,40;104,52;101,98;102,98;EUR;1393689
04.08.2023;103,32;104,46;102,78;104,08;EUR;793499
07.08.2023;103,90;104,76;103,02;103,74;EUR;730943
08.08.2023;103,16;104,40;101,14;101,86;EUR;954339
09.08.2023;101,60;102,94;101,18;101,36;EUR;673365
10.08.2023;101,60;102,60;101,38;101,90;EUR;755306
11.08.2023;101,32;101,32;99,85;99,99;EUR;1086414
14.08.2023;99,80;100,92;98,82;100,10;EUR;675959
15.08.2023;100,30;100,32;98,83;99,21;EUR;588318
16.08.2023;99,19;100,60;98,73;99,76;EUR;806087
17.08.2023;99,60;99,91;98,64;99,10;EUR;521139
18.08.2023;98,50;98,80;97,51;98,25;EUR;852110
21.08.2023;98,37;99,87;98,35;99,24;EUR;737171
22.08.2023;99,70;100,62;99,50;99,70;EUR;753422
23.08.2023;99,62;99,90;98,29;98,43;EUR;867740
24.08.2023;99,07;99,33;96,70;96,78;EUR;923341
25.08.2023;96,50;97,19;96,11;96,51;EUR;798291
28.08.2023;97,40;97,55;95,64;96,60;EUR;786265
29.08.2023;96,79;97,58;96,48;97,58;EUR;790004
30.08.2023;97,93;98,05;96,74;97,26;EUR;657780
31.08.2023;97,40;97,88;97,00;97,17;EUR;3723071
01.09.2023;96,93;96,97;93,78;94,20;EUR;1654934
04.09.2023;94,60;95,35;94,48;94,48;EUR;810296
05.09.2023;94,01;96,63;93,74;96,53;EUR;1159550
06.09.2023;96,13;96,97;95,83;96,30;EUR;767661
07.09.2023;95,65;96,34;95,02;95,03;EUR;823869
08.09.2023;95,58;95,88;93,62;95,62;EUR;853582
11.09.2023;96,17;96,93;96,06;96,53;EUR;753697
12.09.2023;96,89;97,56;96,08;96,62;EUR;867437
13.09.2023;96,40;100,00;96,30;97,34;EUR;1311841
14.09.2023;96,42;96,47;95,06;95,92;EUR;1143242
15.09.2023;97,00;98,21;96,41;97,51;EUR;2789275
18.09.2023;97,37;97,45;96,25;96,78;EUR;733530
19.09.2023;96,87;98,08;96,70;97,66;EUR;690350
20.09.2023;97,92;100,42;97,84;100,24;EUR;984055
21.09.2023;99,59;100,00;98,95;99,46;EUR;917832
22.09.2023;98,93;99,40;98,11;99,27;EUR;748231
25.09.2023;98,44;98,90;96,79;97,27;EUR;932098
26.09.2023;97,32;97,32;95,30;95,98;EUR;841843
27.09.2023;95,48;97,10;95,38;96,78;EUR;797228
28.09.2023;96,90;97,20;95,89;97,15;EUR;961264
29.09.2023;97,34;97,68;96,33;96,38;EUR;985996
02.10.2023;97,02;97,41;95,77;96,17;EUR;734361
03.10.2023;95,95;96,50;95,23;95,30;EUR;698279
04.10.2023;95,00;95,93;93,66;95,40;EUR;958144
05.10.2023;95,17;95,62;94,17;94,29;EUR;595090
06.10.2023;94,29;95,71;93,99;95,71;EUR;1008126
09.10.2023;95,14;95,14;93,71;94,65;EUR;561847
10.10.2023;95,36;97,73;95,30;97,52;EUR;976581
11.10.2023;97,14;98,70;96,50;98,50;EUR;1170848
12.10.2023;99,45;99,46;97,89;98,44;EUR;565383
13.10.2023;98,41;99,16;97,49;97,76;EUR;699594
16.10.2023;98,08;98,89;97,16;98,64;EUR;588877
17.10.2023;97,95;98,54;97,28;98,26;EUR;530411
18.10.2023;98,59;99,09;97,68;97,91;EUR;673253
19.10.2023;96,04;96,69;95,10;95,31;EUR;1024417
20.10.2023;94,79;94,80;93,13;93,56;EUR;1475074
23.10.2023;93,60;93,75;91,71;93,31;EUR;948082
24.10.2023;93,03;93,39;92,20;92,51;EUR;712251
25.10.2023;92,44;92,51;90,60;91,38;EUR;985250
26.10.2023;88,92;89,13;87,17;88,63;EUR;1754600
27.10.2023;89,03;90,61;88,26;88,49;EUR;1019881
30.10.2023;88,71;89,43;87,38;87,71;EUR;990222
31.10.2023;87,62;87,92;86,80;87,63;EUR;906042
01.11.2023;88,40;89,44;87,34;89,00;EUR;959228
02.11.2023;90,00;91,54;89,66;91,09;EUR;1234813
03.11.2023;93,01;94,65;92,21;92,95;EUR;1764602
06.11.2023;94,40;94,54;92,60;92,83;EUR;928780
07.11.2023;92,50;93,19;91,08;91,31;EUR;799182
08.11.2023;91,10;92,64;90,71;92,09;EUR;984549
09.11.2023;92,27;92,94;91,84;92,21;EUR;638498
10.11.2023;91,55;91,64;90,43;91,18;EUR;796614
13.11.2023;91,32;92,10;90,94;92,10;EUR;739544
14.11.2023;92,60;94,41;92,40;94,17;EUR;1167948
15.11.2023;94,65;96,21;94,37;96,05;EUR;1031027
16.11.2023;95,89;96,58;94,05;94,05;EUR;916067
17.11.2023;94,20;95,67;94,18;95,20;EUR;1065274
20.11.2023;95,43;95,80;94,96;95,74;EUR;623628
21.11.2023;95,21;95,37;93,55;93,55;EUR;1004938
22.11.2023;93,90;94,57;93,24;94,24;EUR;911571
23.11.2023;94,50;94,86;94,12;94,13;EUR;485700
24.11.2023;94,00;94,16;92,95;94,05;EUR;824509
27.11.2023;94,32;94,39;93,19;93,43;EUR;623769
28.11.2023;92,99;93,22;92,30;93,16;EUR;574852
29.11.2023;94,09;96,48;93,74;96,07;EUR;1179280
30.11.2023;96,50;96,94;95,56;95,59;EUR;2861028
01.12.2023;95,94;96,19;95,17;96,19;EUR;731827
04.12.2023;95,96;96,42;94,73;96,16;EUR;850657
05.12.2023;96,20;97,66;96,01;97,66;EUR;931765
06.12.2023;97,99;99,82;97,61;99,35;EUR;1088946
07.12.2023;99,06;99,22;98,36;98,60;EUR;920498
08.12.2023;98,65;101,56;98,54;100,92;EUR;1436380
11.12.2023;100,90;101,86;100,44;101,30;EUR;934467
12.12.2023;101,66;102,16;100,94;100,94;EUR;965724
13.12.2023;100,92;101,24;99,69;99,69;EUR;800108
14.12.2023;101,58;103,96;101,20;102,54;EUR;1534986
15.12.2023;103,20;105,14;103,04;103,06;EUR;3102337
18.12.2023;102,40;102,56;100,86;101,02;EUR;791886
19.12.2023;100,52;101,36;100,10;100,88;EUR;772182
20.12.2023;101,32;101,86;100,28;100,42;EUR;570723
21.12.2023;98,98;99,61;98,14;99,55;EUR;718117
22.12.2023;99,63;100,82;99,56;100,64;EUR;663585
27.12.2023;100,58;100,88;100,10;100,40;EUR;461826
28.12.2023;100,74;101,04;100,32;100,44;EUR;430616
29.12.2023;100,76;101,30;100,70;100,78;EUR;342418
02.01.2024;101,40;103,04;100,54;101,78;EUR;717051
03.01.2024;101,62;102,62;98,84;99,51;EUR;902349
04.01.2024;99,46;101,26;99,34;101,00;EUR;927871
05.01.2024;100,62;101,66;99,47;100,66;EUR;1037797
08.01.2024;100,00;101,22;99,24;101,20;EUR;551675
09.01.2024;101,28;101,44;100,30;100,82;EUR;679067
10.01.2024;100,70;101,64;99,77;99,90;EUR;872610
11.01.2024;100,80;101,88;98,46;98,46;EUR;951413
12.01.2024;98,98;99,06;96,40;96,85;EUR;1060275
15.01.2024;96,89;97,19;95,35;95,52;EUR;796874
16.01.2024;95,38;96,06;94,85;95,76;EUR;873436
17.01.2024;93,67;94,28;92,33;92,78;EUR;1420430
18.01.2024;92,51;93,74;92,33;93,06;EUR;1029694
19.01.2024;93,56;93,64;92,12;92,30;EUR;1083381
22.01.2024;92,95;93,89;92,95;93,31;EUR;961338
23.01.2024;93,62;94,57;93,03;93,56;EUR;1201268
24.01.2024;94,56;94,91;92,55;93,55;EUR;1004508
25.01.2024;93,13;93,69;92,46;93,69;EUR;1315384
26.01.2024;93,70;95,02;93,53;94,77;EUR;1021980
29.01.2024;94,41;94,91;93,48;94,91;EUR;653023
30.01.2024;95,50;96,28;94,48;95,00;EUR;775385
31.01.2024;95,03;96,85;94,81;96,78;EUR;1130835
01.02.2024;96,18;98,02;95,82;97,03;EUR;875674
02.02.2024;97,95;98,89;97,64;97,98;EUR;916523
05.02.2024;98,37;98,47;96,06;96,57;EUR;762917
06.02.2024;97,42;97,85;96,50;97,56;EUR;745693
07.02.2024;98,10;99,97;98,04;99,14;EUR;1104844
08.02.2024;99,63;102,36;99,45;101,96;EUR;1127135
09.02.2024;102,38;103,26;101,84;102,00;EUR;867292
12.02.2024;102,40;103,00;101,82;102,14;EUR;483485
13.02.2024;102,32;102,58;100,56;100,88;EUR;719165
14.02.2024;100,28;101,48;100,26;101,16;EUR;577490
15.02.2024;102,12;102,98;101,82;102,62;EUR;773186
16.02.2024;103,26;104,44;103,14;104,10;EUR;965446
19.02.2024;104,12;104,38;102,72;102,82;EUR;518613
20.02.2024;102,66;103,16;101,32;101,82;EUR;700053
21.02.2024;102,34;104,38;101,88;104,30;EUR;964222
22.02.2024;105,00;107,08;104,98;105,08;EUR;1062045
23.02.2024;105,30;107,36;105,18;106,72;EUR;840751
26.02.2024;107,00;107,74;106,22;107,48;EUR;824691
27.02.2024;107,64;108,82;107,42;107,68;EUR;699541
28.02.2024;108,00;109,16;107,62;109,16;EUR;757828
29.02.2024;109,50;110,32;109,00;109,22;EUR;1382952
01.03.2024;109,98;110,96;107,68;109,80;EUR;1121078
04.03.2024;109,44;109,98;109,00;109,94;EUR;625518
05.03.2024;109,72;109,72;107,84;109,36;EUR;661444
06.03.2024;109,30;109,50;107,38;107,70;EUR;1049231
07.03.2024;107,04;107,48;106,06;106,96;EUR;974767
08.03.2024;107,14;107,84;106,48;107,14;EUR;773833
11.03.2024;106,62;107,30;106,12;106,88;EUR;778385
12.03.2024;106,90;110,22;106,64;109,78;EUR;1364736
13.03.2024;110,00;110,36;108,50;108,50;EUR;893552
14.03.2024;108,46;110,42;104,90;105,20;EUR;1989797
15.03.2024;105,40;107,30;104,88;105,68;EUR;2678229
18.03.2024;106,10;107,22;104,86;105,98;EUR;760275
19.03.2024;106,20;107,40;105,98;107,12;EUR;864978
20.03.2024;107,08;107,34;105,68;106,36;EUR;704215
21.03.2024;107,00;107,10;104,38;104,80;EUR;1509736
22.03.2024;103,92;104,62;102,84;104,12;EUR;1303067
25.03.2024;104,40;106,24;104,40;106,24;EUR;1063860
26.03.2024;106,60;106,76;105,54;106,56;EUR;758874
27.03.2024;105,50;106,52;104,66;106,16;EUR;816350
28.03.2024;106,34;107,18;106,34;106,96;EUR;785748
02.04.2024;107,20;107,80;105,80;106,65;EUR;1084212
03.04.2024;106,95;111,95;106,60;111,85;EUR;1830218
04.04.2024;111,90;115,25;111,75;114,70;EUR;1788276
05.04.2024;112,80;113,55;111,90;112,50;EUR;1144372
08.04.2024;113,20;114,75;112,75;114,75;EUR;827527
09.04.2024;114,15;114,80;113,45;113,85;EUR;763287
10.04.2024;114,65;115,35;111,35;111,50;EUR;1251336
11.04.2024;111,50;112,45;110,60;111,90;EUR;1090825
12.04.2024;112,50;112,60;108,65;109,50;EUR;1275147
15.04.2024;109,90;111,75;109,55;109,70;EUR;1018111
16.04.2024;107,90;108,00;105,60;106,45;EUR;1357333
17.04.2024;106,40;107,25;105,70;105,95;EUR;664955
18.04.2024;106,05;107,45;105,95;106,95;EUR;622171
19.04.2024;105,30;106,50;104,60;105,85;EUR;1031130
22.04.2024;106,60;107,30;105,50;105,85;EUR;635536
23.04.2024;106,35;106,90;105,05;106,45;EUR;946389
24.04.2024;106,40;107,30;105,75;106,55;EUR;919549
25.04.2024;106,75;107,00;104,30;105,05;EUR;854946
26.04.2024;105,80;107,10;105,35;106,40;EUR;667469
29.04.2024;107,00;107,80;106,65;106,80;EUR;630451
30.04.2024;106,30;106,60;101,75;102,45;EUR;1986847
02.05.2024;102,35;103,00;101,05;101,95;EUR;1082967
03.05.2024;102,55;103,25;101,85;102,50;EUR;703362
06.05.2024;102,90;103,80;102,60;103,05;EUR;551350
07.05.2024;103,55;104,20;102,65;104,20;EUR;1024845
08.05.2024;101,60;101,90;98,56;101,15;EUR;2192149
09.05.2024;101,00;101,95;100,10;101,65;EUR;750970
10.05.2024;102,40;102,65;100,85;101,60;EUR;1105274
13.05.2024;102,15;103,30;101,30;102,95;EUR;1178077
14.05.2024;103,40;104,65;103,40;103,75;EUR;1015095
15.05.2024;104,35;104,50;102,35;102,90;EUR;1339685
16.05.2024;97,00;97,84;96,46;96,46;EUR;1877795
17.05.2024;96,38;96,68;95,96;96,02;EUR;1305355
20.05.2024;96,34;96,34;94,58;95,00;EUR;1055527
21.05.2024;94,24;94,98;94,00;94,82;EUR;1224417
22.05.2024;93,10;93,42;92,06;93,20;EUR;1427343
23.05.2024;93,22;94,04;92,64;92,72;EUR;751271
24.05.2024;92,34;93,18;91,96;92,84;EUR;716120
27.05.2024;93,10;93,84;92,82;93,70;EUR;507582
28.05.2024;93,86;94,12;93,36;93,80;EUR;663217
29.05.2024;93,26;93,56;91,56;91,82;EUR;1067837
30.05.2024;91,50;93,06;91,32;92,60;EUR;600967
31.05.2024;92,64;93,20;92,30;93,18;EUR;2493881
03.06.2024;93,72;94,44;93,24;93,26;EUR;981704
04.06.2024;93,14;93,14;91,40;92,04;EUR;774662
05.06.2024;92,36;92,62;91,42;91,42;EUR;1017525
06.06.2024;91,76;92,32;91,22;91,50;EUR;719728
07.06.2024;91,30;91,54;90,20;91,18;EUR;702679
10.06.2024;90,60;91,30;89,80;91,30;EUR;923388
11.06.2024;91,34;91,36;90,44;91,12;EUR;774169
12.06.2024;90,40;90,86;88,66;90,26;EUR;1314492
13.06.2024;89,26;89,44;87,94;88,26;EUR;1203841
14.06.2024;88,32;88,50;86,64;86,90;EUR;1418777
17.06.2024;87,28;88,08;86,54;88,08;EUR;798703
18.06.2024;88,80;88,80;87,54;87,58;EUR;729064
19.06.2024;87,70;89,14;87,34;88,54;EUR;1313659
20.06.2024;88,58;89,10;87,58;88,38;EUR;799244
21.06.2024;88,44;88,44;87,16;87,26;EUR;3513801
24.06.2024;88,00;90,64;87,90;89,64;EUR;1388889
25.06.2024;89,38;90,24;89,10;90,24;EUR;777192
26.06.2024;90,06;90,10;87,44;87,96;EUR;1436592
27.06.2024;87,94;88,94;87,70;88,10;EUR;942472
28.06.2024;89,04;89,06;88,00;88,38;EUR;1049108
01.07.2024;89,76;90,12;88,86;89,14;EUR;916038
02.07.2024;88,62;88,74;87,10;88,02;EUR;1009716
03.07.2024;88,30;89,24;88,26;88,44;EUR;733923
04.07.2024;88,30;89,10;87,40;88,16;EUR;843005
05.07.2024;88,32;89,06;87,36;87,70;EUR;711019
08.07.2024;87,58;88,18;87,04;87,12;EUR;754396
09.07.2024;87,42;88,56;86,92;87,70;EUR;1221928
10.07.2024;87,98;90,10;86,94;89,50;EUR;1728422
11.07.2024;90,00;91,30;89,58;91,00;EUR;1238881
12.07.2024;91,32;92,38;90,98;92,18;EUR;1020316
15.07.2024;91,70;91,70;89,82;89,82;EUR;1006986
16.07.2024;89,12;89,96;88,40;88,88;EUR;936457
17.07.2024;88,94;89,84;88,18;89,70;EUR;649815
18.07.2024;90,18;91,78;90,00;91,32;EUR;945313
19.07.2024;90,60;91,06;89,12;89,48;EUR;1221839
22.07.2024;90,22;91,56;89,98;90,92;EUR;838299
23.07.2024;90,44;91,46;89,52;90,02;EUR;726246
24.07.2024;89,00;89,86;88,46;89,10;EUR;820645
25.07.2024;88,00;88,26;86,90;88,20;EUR;1126983
26.07.2024;87,10;88,50;86,78;87,56;EUR;843504
29.07.2024;87,92;88,16;86,24;86,58;EUR;830759
30.07.2024;86,70;87,28;86,16;86,76;EUR;613006
31.07.2024;86,46;86,84;85,50;85,82;EUR;1162556
01.08.2024;82,40;84,50;81,36;83,20;EUR;1931186
02.08.2024;82,86;83,24;81,84;82,06;EUR;1331073
05.08.2024;79,82;80,80;77,98;79,82;EUR;1838717
06.08.2024;80,24;81,02;79,10;79,54;EUR;1069024
07.08.2024;79,82;81,48;79,70;80,40;EUR;842763
08.08.2024;80,02;80,06;79,32;79,82;EUR;809068
09.08.2024;79,80;80,80;79,56;79,70;EUR;567115
12.08.2024;80,00;80,20;78,74;78,98;EUR;852608
13.08.2024;79,30;79,54;78,74;79,32;EUR;797281
14.08.2024;79,78;80,72;79,58;80,04;EUR;646702
15.08.2024;80,36;81,94;79,96;81,48;EUR;770900
16.08.2024;82,00;82,22;81,24;81,74;EUR;665460
19.08.2024;81,92;83,18;81,84;82,72;EUR;815899
20.08.2024;82,80;83,08;82,42;82,66;EUR;530630
21.08.2024;82,36;83,92;82,36;83,56;EUR;593288
22.08.2024;83,64;83,64;82,84;83,22;EUR;547692
23.08.2024;83,54;84,52;83,50;84,46;EUR;727980
26.08.2024;84,24;85,22;84,00;84,80;EUR;571779
27.08.2024;85,10;86,06;84,78;84,78;EUR;730027
28.08.2024;84,94;85,16;83,54;83,54;EUR;906915
29.08.2024;83,48;84,36;83,34;83,86;EUR;622753
30.08.2024;84,02;84,26;83,64;83,82;EUR;1260387
02.09.2024;84,04;84,04;82,64;83,14;EUR;564848
03.09.2024;82,80;83,02;81,22;81,56;EUR;930978
04.09.2024;80,18;81,10;80,10;80,54;EUR;779365
05.09.2024;80,18;81,92;79,96;80,30;EUR;714921
06.09.2024;80,14;80,16;77,96;78,20;EUR;1403267
09.09.2024;78,30;78,64;77,10;77,64;EUR;1098562
10.09.2024;77,22;77,28;68,58;68,98;EUR;6256965
11.09.2024;68,88;71,34;68,84;71,08;EUR;3295158
12.09.2024;71,88;72,56;70,78;71,36;EUR;1660659
13.09.2024;71,56;73,58;71,52;73,32;EUR;1291278
16.09.2024;73,10;73,26;72,48;72,52;EUR;957469
17.09.2024;72,58;73,72;72,46;72,92;EUR;981218
18.09.2024;73,24;75,00;73,02;74,52;EUR;1624277
19.09.2024;76,30;77,46;75,92;76,14;EUR;1702948
20.09.2024;73,30;73,96;72,78;73,64;EUR;2883997
23.09.2024;73,82;75,60;73,16;75,44;EUR;1106631
24.09.2024;77,70;78,72;77,64;78,12;EUR;2123519
25.09.2024;78,00;78,34;75,66;75,66;EUR;1673495
26.09.2024;77,18;79,08;77,02;78,54;EUR;1739005
27.09.2024;78,66;81,28;78,66;81,14;EUR;1758309
30.09.2024;80,50;80,64;78,86;79,18;EUR;1453752
01.10.2024;79,18;79,68;77,56;77,74;EUR;925299
02.10.2024;77,64;78,70;77,34;77,62;EUR;780524
03.10.2024;77,36;77,56;75,84;76,42;EUR;946014
04.10.2024;76,42;78,44;76,34;77,76;EUR;764681
07.10.2024;78,28;78,34;77,08;77,84;EUR;562637
08.10.2024;76,00;76,78;75,04;76,26;EUR;992370
09.10.2024;76,60;77,44;75,98;77,20;EUR;533578
10.10.2024;77,22;77,98;76,64;76,64;EUR;755115
11.10.2024;76,36;76,64;75,54;75,78;EUR;1162246
14.10.2024;76,38;76,60;75,50;76,24;EUR;652628
15.10.2024;76,34;76,40;74,56;75,28;EUR;952992
16.10.2024;74,76;75,34;74,02;74,74;EUR;798822
17.10.2024;74,88;75,30;74,12;74,76;EUR;687665
18.10.2024;74,76;76,56;74,74;75,10;EUR;964531
21.10.2024;74,92;75,72;74,46;74,88;EUR;667610
22.10.2024;74,64;75,42;74,56;75,22;EUR;573426
23.10.2024;75,48;76,92;75,30;75,56;EUR;614520
24.10.2024;75,44;78,54;75,44;76,48;EUR;1196095
25.10.2024;75,70;76,74;75,36;76,00;EUR;729592
28.10.2024;76,70;77,00;74,48;75,52;EUR;713271
29.10.2024;75,46;76,08;74,04;74,30;EUR;873128
30.10.2024;73,58;74,18;72,58;73,44;EUR;1545461
31.10.2024;72,96;73,46;72,22;72,32;EUR;1085173
01.11.2024;72,12;73,52;72,08;73,16;EUR;773391
04.11.2024;73,00;74,16;72,58;72,70;EUR;877772
05.11.2024;73,00;73,34;72,10;72,62;EUR;879376
06.11.2024;69,72;70,14;66,84;67,84;EUR;4432310
07.11.2024;68,10;70,36;68,10;69,82;EUR;1914711
08.11.2024;69,50;69,56;66,90;67,58;EUR;1953285
11.11.2024;68,14;68,54;66,52;67,84;EUR;1313425
12.11.2024;67,02;68,74;66,90;67,22;EUR;1229133
13.11.2024;66,78;67,22;65,26;65,96;EUR;1476211
14.11.2024;66,10;67,92;65,76;67,64;EUR;1579649
15.11.2024;67,00;68,58;67,00;67,92;EUR;1068127
18.11.2024;68,10;69,56;68,10;68,72;EUR;1056530
19.11.2024;68,76;69,56;68,08;69,06;EUR;1463579
20.11.2024;69,20;69,46;68,32;68,50;EUR;972719
21.11.2024;68,38;68,40;66,68;67,94;EUR;1051453
22.11.2024;67,92;68,28;66,52;67,80;EUR;1008051
25.11.2024;68,60;69,54;68,14;69,30;EUR;3423771
26.11.2024;68,22;68,96;67,52;68,48;EUR;1033213
27.11.2024;68,00;68,40;67,48;68,40;EUR;971588
28.11.2024;69,12;69,88;68,72;68,92;EUR;655633
29.11.2024;68,48;70,16;68,42;70,02;EUR;1333656
02.12.2024;69,42;72,66;69,04;71,88;EUR;1868344
03.12.2024;72,74;73,66;71,80;71,80;EUR;1429884
04.12.2024;72,04;73,60;71,94;73,44;EUR;1337572
05.12.2024;73,36;75,30;73,36;75,20;EUR;1497475
06.12.2024;76,00;77,32;75,46;77,24;EUR;1776441
09.12.2024;78,10;79,96;78,06;79,20;EUR;1936993
10.12.2024;78,64;80,24;78,64;79,68;EUR;1216785
11.12.2024;79,90;80,04;78,24;78,48;EUR;1067998
12.12.2024;78,40;80,22;78,28;79,98;EUR;1610079
13.12.2024;79,88;81,84;79,88;80,16;EUR;1805470
16.12.2024;79,56;80,08;77,14;77,62;EUR;1521818
17.12.2024;77,00;78,76;76,92;78,36;EUR;1018266
18.12.2024;79,00;79,20;78,00;78,00;EUR;1023527
19.12.2024;77,08;78,38;76,90;77,28;EUR;1297262
20.12.2024;76,70;77,86;76,12;77,58;EUR;2000177
23.12.2024;77,62;77,68;76,26;76,94;EUR;642208
27.12.2024;76,88;78,46;76,74;78,34;EUR;958948
30.12.2024;77,92;79,04;77,84;78,98;EUR;456155
02.01.2025;78,54;78,96;76,24;78,10;EUR;1144038
03.01.2025;77,72;78,02;76,10;76,42;EUR;931945
06.01.2025;77,64;81,70;77,62;79,80;EUR;1788171
07.01.2025;79,60;80,28;78,74;78,86;EUR;1027536
08.01.2025;78,48;78,76;76,46;76,76;EUR;1114806
09.01.2025;76,12;76,52;75,14;75,52;EUR;1082092
10.01.2025;75,32;77,84;74,52;76,38;EUR;1307681
13.01.2025;76,32;77,16;75,28;76,22;EUR;721314
14.01.2025;77,30;77,84;75,98;75,98;EUR;976260
15.01.2025;76,50;77,40;75,90;77,04;EUR;973381
16.01.2025;77,96;78,02;76,24;76,24;EUR;1017353
17.01.2025;76,70;77,86;76,42;77,10;EUR;1151306
20.01.2025;77,24;80,28;76,46;79,26;EUR;1485416
21.01.2025;78,18;78,80;77,56;77,84;EUR;1156006
22.01.2025;78,50;79,34;77,88;78,22;EUR;808151
23.01.2025;78,70;78,76;77,14;77,38;EUR;827459
24.01.2025;78,06;80,70;77,92;78,84;EUR;1291775
27.01.2025;79,22;81,08;78,52;81,04;EUR;1360472
28.01.2025;81,20;81,78;78,64;78,80;EUR;1865668
29.01.2025;78,88;79,76;78,28;79,30;EUR;909020
30.01.2025;79,50;80,12;78,82;79,88;EUR;784107
31.01.2025;79,86;80,14;78,60;78,60;EUR;1266632
03.02.2025;74,64;76,92;73,48;76,72;EUR;1845309
04.02.2025;76,68;77,50;75,24;77,16;EUR;801416
05.02.2025;76,50;77,00;75,68;76,32;EUR;859642
06.02.2025;76,28;78,20;75,78;77,62;EUR;1209444
07.02.2025;77,84;78,58;76,12;76,38;EUR;1027660
10.02.2025;76,48;77,48;76,34;77,04;EUR;704169
11.02.2025;76,80;77,04;75,48;76,22;EUR;911775
12.02.2025;76,24;77,16;75,54;76,24;EUR;910536
13.02.2025;77,60;81,46;77,56;80,86;EUR;2815709
14.02.2025;79,90;83,36;79,90;82,96;EUR;1898926
17.02.2025;82,98;84,16;82,32;84,08;EUR;1083549
18.02.2025;84,20;84,48;82,68;84,32;EUR;741427
19.02.2025;84,12;84,22;81,92;82,40;EUR;1592762
20.02.2025;81,00;83,88;80,90;82,50;EUR;1432244
21.02.2025;82,66;83,20;81,98;82,58;EUR;1135327
24.02.2025;84,68;84,68;82,68;83,38;EUR;958747
25.02.2025;83,00;85,70;82,76;85,68;EUR;1846772
26.02.2025;85,86;86,94;85,38;86,92;EUR;1814706
27.02.2025;84,78;85,46;82,90;83,62;EUR;1511765
28.02.2025;82,48;84,32;81,94;83,90;EUR;1884718
03.03.2025;83,38;87,40;83,16;84,92;EUR;1502675
04.03.2025;82,46;82,98;79,06;79,92;EUR;2278351
05.03.2025;82,50;85,18;82,42;83,36;EUR;1995258
06.03.2025;84,80;87,52;84,48;86,98;EUR;2081468
07.03.2025;85,98;87,00;82,88;83,62;EUR;1362425
10.03.2025;85,28;86,48;83,32;85,66;EUR;1409706
11.03.2025;84,64;88,26;83,76;84,32;EUR;1943190
12.03.2025;85,00;85,30;83,00;84,28;EUR;1094937
13.03.2025;83,20;84,18;81,76;82,32;EUR;1669157
14.03.2025;80,00;83,64;78,66;82,10;EUR;2156032
17.03.2025;82,30;83,88;81,58;83,54;EUR;1200492
18.03.2025;84,00;86,38;83,80;84,66;EUR;1494870
19.03.2025;83,80;84,64;81,74;82,78;EUR;1408496
20.03.2025;82,36;82,72;79,40;79,86;EUR;1498619
21.03.2025;79,50;80,10;77,94;79,16;EUR;3215296
24.03.2025;81,20;81,20;78,30;79,44;EUR;1216454
25.03.2025;80,06;81,92;80,02;80,92;EUR;952028
26.03.2025;81,62;81,72;79,26;79,28;EUR;847450
27.03.2025;75,80;78,04;75,42;77,26;EUR;1956773
28.03.2025;76,60;77,76;75,38;75,94;EUR;1639787
31.03.2025;75,26;75,58;72,72;73,68;EUR;1810202
01.04.2025;74,40;75,48;73,70;74,10;EUR;1678949
02.04.2025;73,36;74,06;72,70;73,74;EUR;1043860
03.04.2025;71,00;74,92;70,52;71,12;EUR;1980171
04.04.2025;70,76;71,40;66,94;68,00;EUR;3148443
07.04.2025;64,80;71,06;63,86;67,08;EUR;4505056
08.04.2025;68,10;68,38;65,56;65,68;EUR;2500292
09.04.2025;63,28;66,30;62,96;63,52;EUR;2543401
10.04.2025;72,46;72,46;64,88;65,10;EUR;3049803
11.04.2025;66,14;66,54;64,58;66,36;EUR;1450181
14.04.2025;67,96;69,08;67,44;68,66;EUR;1192217
15.04.2025;70,20;71,64;69,36;70,14;EUR;1455420
16.04.2025;69,30;70,50;68,28;70,50;EUR;948569
17.04.2025;70,22;70,74;69,32;70,26;EUR;766677
22.04.2025;71,00;71,80;69,78;71,78;EUR;856688
23.04.2025;72,72;75,06;72,48;73,64;EUR;1502684
24.04.2025;73,30;75,30;73,02;74,80;EUR;1162130
25.04.2025;75,48;76,34;75,06;76,32;EUR;1434348
28.04.2025;76,74;77,50;76,34;76,34;EUR;872622
29.04.2025;76,26;76,88;75,18;76,52;EUR;842264
30.04.2025;75,78;77,44;73,40;74,30;EUR;1802584
02.05.2025;75,70;76,24;74,48;74,82;EUR;1016509
05.05.2025;75,16;75,74;74,70;75,02;EUR;616123
06.05.2025;75,94;76,22;73,54;74,86;EUR;1474490
07.05.2025;76,70;78,02;75,18;76,10;EUR;1775569
08.05.2025;76,70;78,66;76,46;78,24;EUR;1222424
09.05.2025;78,98;80,26;78,90;79,68;EUR;1292458
12.05.2025;81,30;84,70;81,30;81,52;EUR;2018592
13.05.2025;82,40;83,98;81,90;83,98;EUR;1510091
14.05.2025;84,00;84,00;82,16;82,30;EUR;1317952
15.05.2025;78,10;78,92;77,16;77,58;EUR;1229215
16.05.2025;77,68;78,18;76,66;76,92;EUR;1029744
19.05.2025;76,70;77,72;76,70;77,56;EUR;579046
20.05.2025;77,54;79,52;76,52;79,30;EUR;1709643
21.05.2025;78,82;79,22;77,96;79,02;EUR;817994
22.05.2025;78,02;78,68;77,50;78,16;EUR;633112
23.05.2025;78,04;78,90;74,02;75,26;EUR;1716371
26.05.2025;76,68;77,14;75,90;76,80;EUR;611548
27.05.2025;76,70;77,30;76,34;76,44;EUR;608926
28.05.2025;76,58;79,92;76,56;79,74;EUR;1583450
29.05.2025;80,36;80,62;78,48;78,48;EUR;634119
30.05.2025;78,40;78,96;78,10;78,10;EUR;1776674
02.06.2025;77,00;77,44;76,08;76,20;EUR;1019881
03.06.2025;76,38;77,62;75,70;77,62;EUR;794169
04.06.2025;77,76;78,40;76,68;77,24;EUR;719574
05.06.2025;77,36;77,86;75,96;76,98;EUR;751539
06.06.2025;76,42;77,36;76,12;76,68;EUR;686260
09.06.2025;76,46;77,14;76,46;77,02;EUR;526948
10.06.2025;78,58;78,76;76,74;77,84;EUR;849913
11.06.2025;78,60;78,68;77,00;77,14;EUR;1053615
12.06.2025;76,10;77,30;75,54;76,76;EUR;718286
13.06.2025;75,00;75,70;74,74;75,30;EUR;1084475
16.06.2025;75,38;75,54;73,88;74,06;EUR;803702
17.06.2025;73,68;74,46;73,16;73,44;EUR;911960
18.06.2025;73,14;73,26;72,02;72,54;EUR;688280
19.06.2025;72,00;72,56;71,42;71,50;EUR;869712
20.06.2025;71,78;72,84;71,78;72,00;EUR;2138513
23.06.2025;71,50;72,40;70,94;72,22;EUR;670861
24.06.2025;73,50;74,34;72,88;73,16;EUR;1019397
25.06.2025;73,14;73,52;72,64;72,92;EUR;570766
26.06.2025;73,42;73,48;72,50;72,96;EUR;841973
27.06.2025;74,16;77,10;73,84;76,84;EUR;1306656
30.06.2025;77,40;77,42;75,14;75,46;EUR;1567937
01.07.2025;75,04;75,44;74,06;75,30;EUR;2138233
02.07.2025;76,42;79,08;75,94;79,08;EUR;1423708
03.07.2025;79,88;79,88;77,94;78,34;EUR;730931
04.07.2025;77,70;78,56;77,00;77,84;EUR;713315
07.07.2025;77,50;78,38;77,44;78,06;EUR;613582
08.07.2025;78,44;80,12;77,58;79,82;EUR;898472
09.07.2025;80,20;82,74;79,92;82,00;EUR;1384179
10.07.2025;82,00;86,16;81,36;85,40;EUR;2630802
11.07.2025;85,40;85,80;84,50;85,58;EUR;1460568
14.07.2025;83,46;84,52;83,08;83,46;EUR;1007146
15.07.2025;83,76;85,18;83,62;85,06;EUR;912311
16.07.2025;84,04;85,00;83,88;84,46;EUR;1026810
17.07.2025;85,50;86,10;83,40;83,84;EUR;1289914
18.07.2025;84,02;84,62;83,16;83,52;EUR;879860
21.07.2025;83,34;84,50;82,74;84,50;EUR;682969
22.07.2025;84,50;84,50;83,14;83,24;EUR;679785
23.07.2025;85,74;87,78;85,72;86,70;EUR;1665227
24.07.2025;88,78;88,88;86,34;86,62;EUR;1290534
25.07.2025;85,98;89,02;85,14;89,02;EUR;1500943
28.07.2025;90,16;90,90;85,30;86,10;EUR;2079548
29.07.2025;86,34;87,46;85,98;86,16;EUR;1146884
30.07.2025;86,18;86,76;84,38;84,48;EUR;988834
31.07.2025;84,40;84,80;82,72;83,88;EUR;1411296
01.08.2025;83,48;83,68;81,76;82,10;EUR;936942
04.08.2025;82,04;82,58;81,60;82,58;EUR;866240
05.08.2025;83,04;83,86;82,42;83,74;EUR;746331
06.08.2025;84,44;85,32;83,98;84,74;EUR;669215
07.08.2025;84,94;86,90;84,42;86,36;EUR;994829
08.08.2025;87,00;87,98;86,24;87,44;EUR;1447610
11.08.2025;87,90;88,10;86,22;86,58;EUR;900873
12.08.2025;86,86;87,68;86,20;87,50;EUR;1219563
13.08.2025;87,50;88,72;87,10;88,68;EUR;756201
14.08.2025;88,80;88,96;88,28;88,84;EUR;472873
15.08.2025;90,32;90,92;89,92;90,14;EUR;1100573
18.08.2025;89,66;90,08;88,62;89,32;EUR;639136
19.08.2025;89,40;91,64;89,30;91,42;EUR;866071
20.08.2025;91,00;91,02;90,24;90,80;EUR;628253
21.08.2025;90,40;90,84;89,84;90,42;EUR;708275
22.08.2025;90,20;91,72;90,12;91,42;EUR;624151
25.08.2025;91,38;91,52;90,86;90,94;EUR;327973
26.08.2025;90,60;91,50;90,18;90,48;EUR;1239184
27.08.2025;91,00;91,62;89,44;89,48;EUR;581590
28.08.2025;89,74;91,20;89,64;90,18;EUR;641147
29.08.2025;89,84;90,26;88,96;89,46;EUR;710510
01.09.2025;89,90;90,70;89,78;90,52;EUR;428005
02.09.2025;90,44;90,60;88,38;88,60;EUR;747200
03.09.2025;89,00;89,34;88,28;88,28;EUR;528716
04.09.2025;88,22;89,16;88,22;88,60;EUR;464100
05.09.2025;89,40;89,56;88,24;88,44;EUR;552224
08.09.2025;88,80;89,16;87,34;87,92;EUR;621685
09.09.2025;87,82;88,54;83,08;84,26;EUR;2066676
10.09.2025;84,16;84,60;83,42;84,04;EUR;1661869
11.09.2025;84,00;84,54;83,12;84,34;EUR;1331361
12.09.2025;84,40;84,60;82,56;83,82;EUR;1191374
15.09.2025;84,26;84,44;83,08;83,56;EUR;804238
16.09.2025;83,62;84,10;82,82;83,12;EUR;1046716
17.09.2025;83,40;83,80;82,22;82,98;EUR;820572
18.09.2025;83,08;83,98;83,02;83,42;EUR;641485
19.09.2025;83,50;84,34;82,62;83,26;EUR;2266120
22.09.2025;82,00;82,46;80,60;82,34;EUR;1078023
23.09.2025;82,50;84,22;82,34;83,62;EUR;766200
24.09.2025;83,16;85,86;82,56;84,82;EUR;1600210
25.09.2025;85,30;86,76;84,78;84,82;EUR;588743
26.09.2025;85,32;86,26;85,16;85,74;EUR;553083
29.09.2025;85,92;86,06;85,20;85,56;EUR;415482
30.09.2025;85,48;85,72;84,94;85,44;EUR;634286
01.10.2025;84,84;86,30;84,72;85,80;EUR;571022
02.10.2025;86,66;87,36;86,14;87,14;EUR;698204
03.10.2025;87,28;87,44;86,10;86,42;EUR;669586
06.10.2025;86,82;89,28;86,72;89,28;EUR;1131004
07.10.2025;89,66;89,96;87,48;87,48;EUR;930117
08.10.2025;84,00;84,52;79,06;80,26;EUR;7424815
09.10.2025;80,32;82,10;79,94;80,30;EUR;2104563
10.10.2025;81,12;81,18;78,02;78,48;EUR;1700968
13.10.2025;79,10;80,04;79,00;79,14;EUR;898090
14.10.2025;79,04;79,34;78,48;78,60;EUR;761475
15.10.2025;78,42;79,10;78,14;78,88;EUR;826764
16.10.2025;79,64;79,72;78,34;79,58;EUR;718471
17.10.2025;78,88;80,54;78,76;80,22;EUR;919050
20.10.2025;80,42;81,44;79,82;81,16;EUR;729155
21.10.2025;81,30;81,78;80,56;81,44;EUR;1201468
22.10.2025;81,38;81,38;79,28;80,48;EUR;1631085
23.10.2025;79,94;80,96;79,64;80,38;EUR;712564
24.10.2025;80,64;81,40;80,44;81,16;EUR;692084
27.10.2025;81,40;81,90;80,72;81,52;EUR;520818
28.10.2025;81,00;81,98;81,00;81,24;EUR;689596
29.10.2025;82,00;83,32;81,56;82,10;EUR;869500
30.10.2025;82,26;82,50;80,98;81,38;EUR;917543
31.10.2025;81,60;81,66;80,70;80,72;EUR;882365
03.11.2025;80,64;82,40;80,64;81,54;EUR;702836
04.11.2025;80,90;80,94;79,64;80,30;EUR;920340
05.11.2025;80,04;85,94;78,88;85,80;EUR;2174624
06.11.2025;85,90;86,42;84,04;84,30;EUR;812886
07.11.2025;84,78;86,44;84,64;86,14;EUR;876891
10.11.2025;86,70;87,30;86,34;86,92;EUR;714860
11.11.2025;86,92;87,88;85,66;87,32;EUR;687005
12.11.2025;87,90;89,82;87,86;89,06;EUR;899332
13.11.2025;89,40;89,80;88,30;88,80;EUR;634940
14.11.2025;88,50;88,76;87,42;88,74;EUR;760333
17.11.2025;88,52;89,00;86,92;87,00;EUR;543687
18.11.2025;86,08;86,28;84,48;84,66;EUR;771291
19.11.2025;84,30;85,92;84,12;85,20;EUR;640330
20.11.2025;85,20;85,42;83,86;84,42;EUR;506126
21.11.2025;83,66;85,66;83,58;85,08;EUR;694075
24.11.2025;86,80;87,34;86,00;87,04;EUR;1468012
25.11.2025;86,66;87,96;85,76;87,64;EUR;581152
26.11.2025;87,64;87,66;86,58;87,40;EUR;515763
27.11.2025;87,12;88,20;87,12;87,90;EUR;423030
28.11.2025;88,06;88,52;87,48;88,04;EUR;438101
01.12.2025;88,00;89,42;87,58;89,38;EUR;684904
02.12.2025;89,00;89,96;88,72;89,56;EUR;648071
03.12.2025;89,00;90,42;87,90;89,34;EUR;815701
04.12.2025;90,48;93,18;90,36;92,78;EUR;2098877
05.12.2025;92,86;97,04;92,64;96,10;EUR;2051715
08.12.2025;95,94;97,54;95,66;96,78;EUR;1026968
09.12.2025;97,50;97,92;96,42;97,24;EUR;871199
10.12.2025;97,00;97,50;95,30;95,98;EUR;832142
11.12.2025;96,28;96,32;93,66;95,40;EUR;973583
12.12.2025;95,62;96,52;95,42;96,38;EUR;587674
15.12.2025;96,34;97,14;94,54;94,54;EUR;642054
16.12.2025;95,22;95,50;93,00;94,32;EUR;1009621
17.12.2025;93,92;94,00;92,54;93,48;EUR;897860
18.12.2025;92,78;93,62;92,34;93,06;EUR;861230
19.12.2025;93,10;94,12;93,00;93,62;EUR;2773865
22.12.2025;94,00;94,04;92,56;92,86;EUR;388188
23.12.2025;92,62;92,90;92,14;92,66;EUR;313402
29.12.2025;92,68;93,56;92,34;93,54;EUR;437131
30.12.2025;93,24;93,58;92,62;93,14;EUR;286069
02.01.2026;93,14;96,32;92,98;96,32;EUR;726352
05.01.2026;96,30;97,30;93,36;93,62;EUR;862493
06.01.2026;93,66;94,40;92,72;93,04;EUR;686232
07.01.2026;92,78;93,94;91,90;93,06;EUR;606633
08.01.2026;92,10;92,92;89,78;92,60;EUR;965829
09.01.2026;92,00;94,50;91,82;92,02;EUR;1176143
12.01.2026;91,74;91,86;89,84;90,48;EUR;893874
13.01.2026;88,92;89,98;88,20;88,46;EUR;1205682
14.01.2026;88,62;91,98;88,56;90,86;EUR;1102022
15.01.2026;90,48;91,00;89,18;90,08;EUR;1034728
16.01.2026;90,28;90,38;88,30;88,72;EUR;999570
19.01.2026;84,32;86,16;82,48;85,68;EUR;1691447
20.01.2026;85,48;87,20;84,80;86,08;EUR;1052952
21.01.2026;86,62;87,56;85,88;86,74;EUR;786284
22.01.2026;90,06;90,18;87,16;87,92;EUR;1153938
23.01.2026;87,16;88,30;87,00;87,62;EUR;570520
26.01.2026;87,60;88,26;87,26;87,48;EUR;492958
27.01.2026;87,40;87,46;86,26;86,80;EUR;787970
28.01.2026;86,46;87,80;85,70;87,00;EUR;1415012
29.01.2026;88,02;88,58;86,80;87,12;EUR;889569
30.01.2026;88,00;88,00;86,72;87,42;EUR;1005640
02.02.2026;86,56;88,48;86,56;88,00;EUR;689412
03.02.2026;88,38;89,76;87,34;87,64;EUR;667304
04.02.2026;88,60;91,24;88,48;91,04;EUR;1075701
05.02.2026;90,60;90,92;87,14;88,94;EUR;1295036
06.02.2026;88,26;88,58;86,70;88,44;EUR;907034
09.02.2026;88,46;88,72;87,78;88,24;EUR;633336
10.02.2026;88,96;89,88;88,34;89,28;EUR;787965
11.02.2026;89,16;89,94;88,08;89,46;EUR;754306
12.02.2026;88,12;88,98;86,94;87,72;EUR;1220037
13.02.2026;87,96;89,52;87,58;88,90;EUR;866384
16.02.2026;88,90;90,14;88,60;89,48;EUR;493722
17.02.2026;89,64;90,92;89,40;90,56;EUR;542196
18.02.2026;90,32;91,80;89,98;91,80;EUR;749983
19.02.2026;91,22;91,80;89,14;90,08;EUR;736113
20.02.2026;89,56;91,92;89,32;90,32;EUR;1200054
23.02.2026;90,10;90,12;87,70;87,70;EUR;1019558
24.02.2026;88,10;89,38;87,98;88,48;EUR;569816
25.02.2026;88,24;89,04;87,68;88,12;EUR;661032
26.02.2026;88,22;89,34;88,02;88,84;EUR;579291
27.02.2026;89,28;89,48;88,18;89,46;EUR;1063829
02.03.2026;86,24;87,12;84,80;85,00;EUR;1569515
03.03.2026;85,28;85,28;81,92;82,52;EUR;1550495
04.03.2026;83,02;83,72;82,00;82,64;EUR;1071342
05.03.2026;82,40;83,74;81,22;81,42;EUR;1184960
06.03.2026;82,00;82,04;79,20;79,80;EUR;1374787
09.03.2026;79,54;79,58;77,76;78,76;EUR;1214484
10.03.2026;80,28;81,38;79,82;80,40;EUR;1477427
11.03.2026;79,96;81,80;79,84;80,82;EUR;1012069
12.03.2026;79,00;81,96;77,90;81,68;EUR;1596631
13.03.2026;80,06;81,84;79,48;81,30;EUR;1181090
16.03.2026;80,98;81,04;79,04;79,08;EUR;1249993
17.03.2026;79,08;80,24;78,94;79,36;EUR;790477
18.03.2026;79,46;79,96;78,88;79,02;EUR;1240530
19.03.2026;78,00;78,00;76,22;76,34;EUR;1600301
20.03.2026;77,00;77,30;75,42;75,76;EUR;4082149
23.03.2026;73,76;78,86;73,38;77,84;EUR;1890727
24.03.2026;78,38;78,52;76,80;77,84;EUR;702452
25.03.2026;78,94;79,32;78,26;78,88;EUR;695338
26.03.2026;78,36;78,64;77,52;78,18;EUR;687885
27.03.2026;78,18;78,18;77,12;77,78;EUR;791745
30.03.2026;77,44;78,80;77,20;78,06;EUR;866165
01.04.2026;80,12;80,12;78,02;79,02;EUR;964952
02.04.2026;77,76;79,46;77,74;79,24;EUR;814601
07.04.2026;79,40;80,36;77,92;78,24;EUR;999957
08.04.2026;82,06;82,86;81,20;82,42;EUR;1356193
09.04.2026;81,96;82,38;81,26;82,38;EUR;898838
10.04.2026;82,76;84,30;82,20;83,84;EUR;1136690
13.04.2026;82,70;83,90;82,42;83,88;EUR;675343
14.04.2026;84,90;85,16;82,50;82,50;EUR;1188161
15.04.2026;83,00;83,36;81,66;82,24;EUR;970489
16.04.2026;82,48;82,48;80,80;81,00;EUR;931095
17.04.2026;81,08;84,38;80,82;84,22;EUR;1476110
20.04.2026;82,70;83,52;82,38;83,50;EUR;837291
21.04.2026;83,60;84,22;83,46;83,48;EUR;594117
22.04.2026;83,54;83,58;81,88;81,88;EUR;824374
23.04.2026;81,46;81,68;80,22;81,08;EUR;673442
24.04.2026;80,24;80,94;79,16;79,34;EUR;1307692
27.04.2026;79,80;80,46;79,18;79,30;EUR;820879
28.04.2026;79,50;80,18;79,02;79,36;EUR;914139
29.04.2026;79,66;79,96;77,24;77,56;EUR;1341139
30.04.2026;76,50;77,92;75,86;77,92;EUR;1223305
04.05.2026;77,14;77,24;75,44;76,02;EUR;1244227
05.05.2026;76,20;77,26;75,68;77,22;EUR;1068140
06.05.2026;80,50;84,02;79,80;81,40;EUR;2393186
07.05.2026;82,22;83,80;81,88;82,36;EUR;1157600
08.05.2026;82,32;82,48;81,14;81,82;EUR;1043530
11.05.2026;81,52;81,80;80,50;80,90;EUR;850841
12.05.2026;80,76;81,04;79,76;80,02;EUR;1189692
13.05.2026;80,84;81,20;79,54;80,70;EUR;1064508
14.05.2026;77,20;78,60;76,38;76,38;EUR;1561749
15.05.2026;76,34;76,42;74,14;74,40;EUR;1439417
18.05.2026;73,50;74,76;72,40;74,12;EUR;1850781
19.05.2026;73,86;75,06;73,72;73,72;EUR;1188306
20.05.2026;73,80;75,06;73,30;74,36;EUR;1116057
21.05.2026;74,68;75,62;73,94;74,36;EUR;1208273
22.05.2026;74,48;74,80;74,08;74,48;EUR;1215243
25.05.2026;75,12;75,98;75,08;75,44;EUR;1048048
26.05.2026;75,16;76,02;74,86;75,26;EUR;654110
27.05.2026;75,18;77,70;75,10;77,02;EUR;1179194
28.05.2026;76,48;76,80;75,46;75,94;EUR;869511
29.05.2026;76,30;76,60;74,76;74,76;EUR;1961879
01.06.2026;74,50;75,70;73,54;73,72;EUR;1367856
02.06.2026;74,10;74,98;72,56;72,98;EUR;1333090
03.06.2026;72,10;72,14;71,12;71,32;EUR;1411136
04.06.2026;71,50;72,10;69,90;70,24;EUR;1311482
05.06.2026;70,18;71,06;70,08;70,38;EUR;1211685
08.06.2026;69,74;70,24;68,98;69,74;EUR;1175687
09.06.2026;69,40;70,08;68,72;68,72;EUR;1267492
10.06.2026;69,00;69,42;67,36;67,62;EUR;1394234
11.06.2026;67,90;67,96;65,50;66,54;EUR;2219844
12.06.2026;68,38;68,50;66,78;67,00;EUR;1653121
15.06.2026;69,10;69,78;68,34;68,34;EUR;1207351
16.06.2026;68,00;68,16;66,84;67,90;EUR;1516629
17.06.2026;61,12;63,98;60,08;62,24;EUR;5736376
18.06.2026;62,10;62,10;58,76;59,74;EUR;3967431
19.06.2026;60,00;61,20;59,98;59,98;EUR;3960197
22.06.2026;60,64;61,06;59,48;60,94;EUR;2075742
23.06.2026;60,16;61,26;59,98;61,06;EUR;1558638
24.06.2026;61,00;61,70;60,26;60,90;EUR;1320803
25.06.2026;60,98;61,52;60,78;60,78;EUR;1608412
26.06.2026;60,88;60,90;58,38;59,06;EUR;1661635
29.06.2026;59,00;59,06;57,50;57,50;EUR;1879422
30.06.2026;57,74;58,06;57,02;57,26;EUR;3500213
01.07.2026;57,88;58,34;57,16;58,20;EUR;1584041
02.07.2026;58,68;60,74;58,64;60,20;EUR;1814094
03.07.2026;60,50;61,32;60,16;60,56;EUR;1319768
06.07.2026;61,22;61,44;59,88;60,12;EUR;1100529
07.07.2026;60,94;61,68;60,68;60,74;EUR;1532298
08.07.2026;59,52;59,92;58,54;58,60;EUR;1856294
09.07.2026;59,00;59,00;57,96;58,28;EUR;1396839
10.07.2026;58,80;59,22;57,96;58,14;EUR;1436559
13.07.2026;57,54;58,76;57,50;57,92;EUR;1082623
14.07.2026;57,34;57,88;56,92;57,32;EUR;1567475
15.07.2026;57,10;58,92;56,70;58,92;EUR;1512831
16.07.2026;58,78;58,94;58,26;58,32;EUR;1331220
17.07.2026;59,28;59,30;58,46;58,54;EUR;1751065
20.07.2026;58,30;59,04;57,96;58,34;EUR;1125166
21.07.2026;58,22;58,38;57,32;57,56;EUR;1543453
22.07.2026;57,30;58,26;56,90;57,66;EUR;1475028
23.07.2026;57,10;57,98;56,82;56,92;EUR;1432364
24.07.2026;56,72;57,12;56,40;56,96;EUR;1132716
27.07.2026;58,28;58,52;57,16;57,48;EUR;1874965
28.07.2026;58,56;59,64;58,34;59,54;EUR;1548690
29.07.2026;60,48;60,72;59,06;60,30;EUR;1713051
30.07.2026;59,90;61,40;59,48;60,18;EUR;1574071
31.07.2026;59,60;59,98;59,16;59,30;EUR;1632459
03.08.2026;59,98;61,08;59,94;60,06;EUR;1334861
04.08.2026;59,92;60,06;59,02;59,96;EUR;1642078
05.08.2026;60,28;60,50;59,10;59,10;EUR;1176991
06.08.2026;59,72;59,84;58,62;58,62;EUR;1152965
07.08.2026;58,98;59,90;58,32;59,78;EUR;1001007
10.08.2026;60,00;60,00;58,80;59,30;EUR;916715
11.08.2026;59,00;60,16;58,74;60,12;EUR;1463548
12.08.2026;59,64;60,36;59,32;59,32;EUR;1159070
13.08.2026;59,20;59,76;58,68;58,76;EUR;1279321
14.08.2026;59,60;59,80;58,88;59,40;EUR;984283
17.08.2026;59,20;59,50;58,26;58,34;EUR;1136443
18.08.2026;58,62;58,98;57,96;57,96;EUR;1769430
19.08.2026;58,00;58,74;57,74;58,36;EUR;1049271
20.08.2026;58,52;59,30;57,68;57,92;EUR;1027284
21.08.2026;58,40;59,60;58,10;58,88;EUR;1128466
24.08.2026;58,80;58,80;57,84;58,32;EUR;1002128
25.08.2026;58,10;58,38;57,56;58,00;EUR;1188906
26.08.2026;57,90;58,00;57,56;57,68;EUR;1277838
27.08.2026;57,50;60,00;57,34;59,94;EUR;1443912
28.08.2026;60,74;62,72;60,38;62,64;EUR;2736596
31.08.2026;62,62;62,66;61,80;61,98;EUR;2043707
01.09.2026;62,18;62,28;60,30;61,20;EUR;1330340
02.09.2026;60,66;61,32;59,98;60,68;EUR;1534684
03.09.2026;60,72;61,94;59,94;61,76;EUR;1041530
04.09.2026;62,08;63,68;61,88;62,80;EUR;1536887
07.09.2026;62,60;63,22;62,24;62,84;EUR;762700
08.09.2026;62,24;64,46;62,24;63,70;EUR;1485892
09.09.2026;63,10;63,94;62,30;62,66;EUR;1512600
10.09.2026;62,82;63,36;62,36;62,70;EUR;1038432
11.09.2026;63,30;63,52;61,96;63,00;EUR;1253381
14.09.2026;63,16;64,18;62,20;62,72;EUR;1147588
15.09.2026;62,80;63,48;62,18;62,86;EUR;1276316
16.09.2026;63,04;63,78;61,48;62,14;EUR;1512855
17.09.2026;62,84;64,22;62,80;63,22;EUR;1506308
18.09.2026;63,00;63,00;60,02;60,40;EUR;6347346
21.09.2026;60,82;61,04;60,04;60,14;EUR;1353441
22.09.2026;60,10;60,94;59,00;59,58;EUR;1587232
23.09.2026;59,92;60,08;57,88;57,88;EUR;2540940
24.09.2026;56,22;57,84;55,90;56,46;EUR;3413148
25.09.2026;56,64;56,88;55,32;55,72;EUR;1950393
28.09.2026;56,20;56,64;55,10;55,18;EUR;1736634